frame,landmark_index,x,y,z
0,0,0.5270350575447083,0.31690216064453125,-1.2151871919631958
0,1,0.5543760657310486,0.2841457724571228,-1.1631886959075928
0,2,0.5677899122238159,0.28599339723587036,-1.1641706228256226
0,3,0.5853281021118164,0.28840482234954834,-1.1641303300857544
0,4,0.5099546313285828,0.28158891201019287,-1.158549189567566
0,5,0.4956056773662567,0.28158193826675415,-1.1596475839614868
0,6,0.48446857929229736,0.2812051773071289,-1.160582423210144
0,7,0.6068543791770935,0.30368781089782715,-0.8222391605377197
0,8,0.4654102027416229,0.2919505834579468,-0.8009857535362244
0,9,0.5540611743927002,0.35188060998916626,-1.077162504196167
0,10,0.5026522278785706,0.3462294936180115,-1.0773018598556519
0,11,0.6991400718688965,0.5301806926727295,-0.6410993933677673
0,12,0.36431607604026794,0.5157260298728943,-0.537438154220581
0,13,0.7122878432273865,0.8052420616149902,-0.6751281023025513
0,14,0.3059498965740204,0.7695143222808838,-0.6092880368232727
0,15,0.6193456649780273,0.9877925515174866,-0.9959733486175537
0,16,0.4267171025276184,0.954124927520752,-0.9726564884185791
0,23,0.6300404667854309,0.9511790871620178,-0.025841644033789635
0,24,0.431102991104126,0.955083429813385,0.025415251031517982
1,0,0.5271375179290771,0.31706100702285767,-1.0208065509796143
1,1,0.5543745756149292,0.28410133719444275,-0.968288004398346
1,2,0.5677934885025024,0.2859865725040436,-0.9691662788391113
1,3,0.585152804851532,0.2884044647216797,-0.969078540802002
1,4,0.5099549889564514,0.2815304696559906,-0.9612874984741211
1,5,0.495687872171402,0.2815133333206177,-0.9623602032661438
1,6,0.48446741700172424,0.2811214327812195,-0.9632073640823364
1,7,0.6067584753036499,0.30366069078445435,-0.6491566300392151
1,8,0.46554696559906006,0.29223117232322693,-0.6155110001564026
1,9,0.5540478825569153,0.3519347608089447,-0.8927828669548035
1,10,0.5026527643203735,0.3465668559074402,-0.8889971375465393
1,11,0.6992046236991882,0.5296152830123901,-0.4803658127784729
1,12,0.36473724246025085,0.5138241052627563,-0.4174303114414215
1,13,0.7144982218742371,0.8021005988121033,-0.5325688719749451
1,14,0.30503880977630615,0.7671603560447693,-0.49613523483276367
1,15,0.6200761198997498,0.9870960712432861,-0.8410011529922485
1,16,0.4219350218772888,0.9531036615371704,-0.7897371053695679
1,23,0.630027174949646,0.950782060623169,-0.021082047373056412
1,24,0.4281461238861084,0.9538583159446716,0.02047841250896454
2,0,0.5271464586257935,0.3172265291213989,-1.0368037223815918
2,1,0.5543585419654846,0.28404664993286133,-0.98322594165802
2,2,0.5677862763404846,0.2859686613082886,-0.9841128587722778
2,3,0.5847705006599426,0.2883860468864441,-0.9840229749679565
2,4,0.5099395513534546,0.28151145577430725,-0.9766453504562378
2,5,0.4957123100757599,0.28148549795150757,-0.9777098894119263
2,6,0.48441335558891296,0.2810930609703064,-0.978565514087677
2,7,0.6066116690635681,0.30362287163734436,-0.6576941609382629
2,8,0.46571236848831177,0.2925749123096466,-0.6260128617286682
2,9,0.5539658665657043,0.3519665598869324,-0.9063627123832703
2,10,0.502572774887085,0.3467956483364105,-0.9031527638435364
2,11,0.699191689491272,0.5293253660202026,-0.4802180230617523
2,12,0.36504265666007996,0.5128968358039856,-0.42452847957611084
2,13,0.7163342833518982,0.799988865852356,-0.5286641716957092
2,14,0.30443841218948364,0.7652939558029175,-0.5088887810707092
2,15,0.6204918622970581,0.9859699606895447,-0.8410279154777527
2,16,0.4187057912349701,0.9523015022277832,-0.8173102140426636
2,23,0.6295626163482666,0.9493572115898132,-0.01621118187904358
2,24,0.4261488616466522,0.950309693813324,0.01553003117442131
3,0,0.5271125435829163,0.3173679709434509,-1.0345579385757446
3,1,0.5542284846305847,0.28391700983047485,-0.983112096786499
3,2,0.5677337646484375,0.28590598702430725,-0.983993649482727
3,3,0.5842598676681519,0.28832393884658813,-0.9839115738868713
3,4,0.5098654627799988,0.28148531913757324,-0.9757189154624939
3,5,0.49571692943573,0.2814558446407318,-0.9767941832542419
3,6,0.48432379961013794,0.28107357025146484,-0.9776433110237122
3,7,0.6063969731330872,0.30358704924583435,-0.6648048162460327
3,8,0.46594882011413574,0.2928033471107483,-0.6297447681427002
3,9,0.5535822510719299,0.35198667645454407,-0.9063899517059326
3,10,0.5024421215057373,0.3469391167163849,-0.9021551609039307
3,11,0.6991896629333496,0.5288875102996826,-0.4907592833042145
3,12,0.3653554916381836,0.5119035840034485,-0.42561015486717224
3,13,0.7172491550445557,0.7985734939575195,-0.5377321839332581
3,14,0.3035295605659485,0.763965904712677,-0.5071407556533813
3,15,0.6205065846443176,0.9839168190956116,-0.841766893863678
3,16,0.4175271689891815,0.9483116865158081,-0.8156645894050598
3,23,0.6290441155433655,0.9488012194633484,-0.015329337678849697
3,24,0.42525359988212585,0.9492961764335632,0.014646916650235653
4,0,0.5268548130989075,0.3175344467163086,-1.075897216796875
4,1,0.5537342429161072,0.28373783826828003,-1.0240731239318848
4,2,0.5674969553947449,0.2857944965362549,-1.024985432624817
4,3,0.5831323862075806,0.2881926894187927,-1.024914026260376
4,4,0.5094773769378662,0.2814788222312927,-1.017538070678711
4,5,0.4956408739089966,0.2814437448978424,-1.0186183452606201
4,6,0.4839369058609009,0.2810704708099365,-1.0194928646087646
4,7,0.606052815914154,0.30348023772239685,-0.6978449821472168
4,8,0.46611669659614563,0.2929922640323639,-0.6674544215202332
4,9,0.5528547763824463,0.3520127534866333,-0.9444815516471863
4,10,0.5022115707397461,0.34714192152023315,-0.9416279792785645
4,11,0.6992043256759644,0.528420090675354,-0.5199677348136902
4,12,0.36558258533477783,0.5109686851501465,-0.429038941860199
4,13,0.717447817325592,0.7983137369155884,-0.5610320568084717
4,14,0.30310890078544617,0.7637600302696228,-0.5294012427330017
4,15,0.6218951344490051,0.9839311838150024,-0.8604724407196045
4,16,0.41763433814048767,0.9479230046272278,-0.8476324081420898
4,23,0.6288637518882751,0.9481992721557617,-0.012246464379131794
4,24,0.4250123202800751,0.9478620886802673,0.01155371405184269
5,0,0.5266749262809753,0.31754061579704285,-1.1071034669876099
5,1,0.5532477498054504,0.2832867503166199,-1.0546437501907349
5,2,0.5672902464866638,0.2854813039302826,-1.055543303489685
5,3,0.5823512673377991,0.28783029317855835,-1.0554406642913818
5,4,0.5091345310211182,0.28127533197402954,-1.04889714717865
5,5,0.4955466687679291,0.28123238682746887,-1.0499716997146606
5,6,0.48356691002845764,0.28091299533843994,-1.0508496761322021
5,7,0.6054089069366455,0.3032291829586029,-0.7259113788604736
5,8,0.46621647477149963,0.29302772879600525,-0.6980723738670349
5,9,0.5520966053009033,0.3519798219203949,-0.9746759533882141
5,10,0.5020611882209778,0.34717047214508057,-0.9722140431404114
5,11,0.699159562587738,0.5278460383415222,-0.5279727578163147
5,12,0.36559155583381653,0.5100946426391602,-0.4917509853839874
5,13,0.7180066108703613,0.797269880771637,-0.5731945037841797
5,14,0.3027987480163574,0.7636420726776123,-0.593614935874939
5,15,0.6233412027359009,0.9831364154815674,-0.878329336643219
5,16,0.41769734025001526,0.9451557993888855,-0.90421462059021
5,23,0.6277578473091125,0.9466969966888428,-0.009203286841511726
5,24,0.4235462546348572,0.9445779919624329,0.008523845113813877
6,0,0.5264636278152466,0.31751665472984314,-1.1105188131332397
6,1,0.5526199340820312,0.2826246917247772,-1.059285044670105
6,2,0.5670925974845886,0.2849978506565094,-1.0601935386657715
6,3,0.5818890929222107,0.287325918674469,-1.0601019859313965
6,4,0.5086809396743774,0.28080955147743225,-1.0530445575714111
6,5,0.4953765273094177,0.28074395656585693,-1.0541232824325562
6,6,0.4831252992153168,0.2805432081222534,-1.0550081729888916
6,7,0.6052202582359314,0.3028930723667145,-0.7419244647026062
6,8,0.4663078784942627,0.293033629655838,-0.69841468334198
6,9,0.5516253709793091,0.35196369886398315,-0.9786669611930847
6,10,0.5018993616104126,0.3471946120262146,-0.9764221906661987
6,11,0.6991246342658997,0.5275557637214661,-0.5539842844009399
6,12,0.36561739444732666,0.5092739462852478,-0.5075593590736389
6,13,0.7191494703292847,0.7971954941749573,-0.6090301275253296
6,14,0.30173683166503906,0.7633049488067627,-0.6163769364356995
6,15,0.6265504360198975,0.9831046462059021,-0.8916061520576477
6,16,0.4200175404548645,0.9370996952056885,-0.9336605668067932
6,23,0.6248406767845154,0.9466738700866699,-0.009358641691505909
6,24,0.4157848656177521,0.9435526132583618,0.00869846809655428
7,0,0.5261619687080383,0.31748729944229126,-1.2274304628372192
7,1,0.5516108274459839,0.28202754259109497,-1.181874394416809
7,2,0.5667793154716492,0.284478098154068,-1.1827746629714966
7,3,0.5812411308288574,0.286753386259079,-1.1827003955841064
7,4,0.5080657601356506,0.28005340695381165,-1.1707509756088257
7,5,0.49498990178108215,0.2797285318374634,-1.1718367338180542
7,6,0.4822259545326233,0.27956560254096985,-1.1727467775344849
7,7,0.6047363877296448,0.30227330327033997,-0.8646469116210938
7,8,0.4662342667579651,0.29266905784606934,-0.8119395971298218
7,9,0.5510009527206421,0.3519546091556549,-1.0969483852386475
7,10,0.5016545653343201,0.3472496569156647,-1.0879242420196533
7,11,0.6992785930633545,0.5273547768592834,-0.6458777189254761
7,12,0.3650681972503662,0.5090086460113525,-0.5961989164352417
7,13,0.7209755778312683,0.7996100187301636,-0.6941180229187012
7,14,0.2972390353679657,0.7633140087127686,-0.7200552225112915
7,15,0.6323056817054749,0.9886798858642578,-0.9924521446228027
7,16,0.4439074397087097,0.9193757772445679,-1.0682196617126465
7,23,0.6210818886756897,0.946611225605011,-0.005236382130533457
7,24,0.40626952052116394,0.9411026239395142,0.0046489182859659195
8,0,0.5260158777236938,0.31749480962753296,-1.396069884300232
8,1,0.5511454939842224,0.28175175189971924,-1.3489680290222168
8,2,0.5666809678077698,0.2843323349952698,-1.3499071598052979
8,3,0.5810094475746155,0.28667405247688293,-1.3498830795288086
8,4,0.5075017213821411,0.2794596552848816,-1.3384599685668945
8,5,0.4944431781768799,0.2789365351200104,-1.339563250541687
8,6,0.4811548888683319,0.2788592278957367,-1.3405367136001587
8,7,0.6044013500213623,0.3022654056549072,-1.0036594867706299
8,8,0.4661092758178711,0.2923468053340912,-0.9543576240539551
8,9,0.550415575504303,0.3520437777042389,-1.2541316747665405
8,10,0.5013399720191956,0.34760740399360657,-1.2455775737762451
8,11,0.6993120908737183,0.5268967151641846,-0.7326924204826355
8,12,0.3646748960018158,0.508162796497345,-0.7074812650680542
8,13,0.7227817177772522,0.7996134161949158,-0.7861510515213013
8,14,0.28088730573654175,0.7625130414962769,-0.8339452743530273
8,15,0.6373620629310608,0.9896523356437683,-1.1566084623336792
8,16,0.46114954352378845,0.8809203505516052,-1.2336546182632446
8,23,0.6152704954147339,0.9472679495811462,0.00529607804492116
8,24,0.398003488779068,0.9403184056282043,-0.005765615962445736
9,0,0.5261698961257935,0.31746959686279297,-1.3318941593170166
9,1,0.5511576533317566,0.28167521953582764,-1.2822645902633667
9,2,0.5667382478713989,0.2842824459075928,-1.2831897735595703
9,3,0.5810202956199646,0.2866223454475403,-1.2831045389175415
9,4,0.507502019405365,0.27927789092063904,-1.276130199432373
9,5,0.49444830417633057,0.27868834137916565,-1.2771480083465576
9,6,0.48112186789512634,0.27864301204681396,-1.2781157493591309
9,7,0.6041125655174255,0.30215656757354736,-0.9401808381080627
9,8,0.46610409021377563,0.29218608140945435,-0.9124488234519958
9,9,0.5503743886947632,0.3520450294017792,-1.1930289268493652
9,10,0.5013769865036011,0.3476698696613312,-1.1905250549316406
9,11,0.6991477608680725,0.5263146758079529,-0.6912677884101868
9,12,0.3639419972896576,0.5073807239532471,-0.7066773772239685
9,13,0.7227746844291687,0.7995113134384155,-0.7720519304275513
9,14,0.26260748505592346,0.7587928175926208,-0.9789505004882812
9,15,0.6399340629577637,0.9923097491264343,-1.1707950830459595
9,16,0.4577615261077881,0.8132094144821167,-1.544719934463501
9,23,0.6128742098808289,0.9482962489128113,0.022828130051493645
9,24,0.3923500180244446,0.9405577182769775,-0.0231828223913908
10,0,0.5266000628471375,0.3174927532672882,-1.309419870376587
10,1,0.5512673258781433,0.281669020652771,-1.2554001808166504
10,2,0.5668195486068726,0.2842753827571869,-1.2562509775161743
10,3,0.5810261964797974,0.28661227226257324,-1.2560757398605347
10,4,0.5076417922973633,0.2792583107948303,-1.2548609972000122
10,5,0.49465155601501465,0.27862876653671265,-1.2557737827301025
10,6,0.4812321960926056,0.27854683995246887,-1.2567628622055054
10,7,0.6035344004631042,0.30192723870277405,-0.8997869491577148
10,8,0.46611642837524414,0.29189175367355347,-0.893659234046936
10,9,0.5503892302513123,0.35204657912254333,-1.165207862854004
10,10,0.5015382170677185,0.3476755917072296,-1.1692891120910645
10,11,0.6982851624488831,0.5234620571136475,-0.6808176636695862
10,12,0.3639272451400757,0.5060617327690125,-0.7004767060279846
10,13,0.7216824889183044,0.7967498898506165,-0.7509069442749023
10,14,0.2489074170589447,0.7568374872207642,-1.1228272914886475
10,15,0.6393842697143555,0.9744148254394531,-1.2160673141479492
10,16,0.45675355195999146,0.7360727787017822,-1.8825550079345703
10,23,0.6132311820983887,0.9472426176071167,0.03005622699856758
10,24,0.39330753684043884,0.9400281310081482,-0.030367489904165268
11,0,0.5266015529632568,0.31745800375938416,-1.1577638387680054
11,1,0.5511372685432434,0.28156885504722595,-1.102931261062622
11,2,0.566759467124939,0.28411802649497986,-1.1037473678588867
11,3,0.5807614922523499,0.2863394618034363,-1.1035246849060059
11,4,0.5076407790184021,0.2791008949279785,-1.101779580116272
11,5,0.4946960508823395,0.27837929129600525,-1.102594017982483
11,6,0.4812571108341217,0.2781883180141449,-1.1035822629928589
11,7,0.6026300191879272,0.30143070220947266,-0.7632567882537842
11,8,0.46611127257347107,0.29139143228530884,-0.7562584280967712
11,9,0.5502141118049622,0.3520369231700897,-1.0228371620178223
11,10,0.501553475856781,0.34751948714256287,-1.025112509727478
11,11,0.6966210007667542,0.5194041728973389,-0.5334251523017883
11,12,0.3650170564651489,0.5055937170982361,-0.6159824132919312
11,13,0.7214140295982361,0.7941433191299438,-0.6378051042556763
11,14,0.24706211686134338,0.756686806678772,-1.0472545623779297
11,15,0.6276445984840393,0.9584465622901917,-1.0807620286941528
11,16,0.4546281397342682,0.6805060505867004,-1.8341995477676392
11,23,0.6137388348579407,0.9458480477333069,0.02662644535303116
11,24,0.39402249455451965,0.9400194883346558,-0.02702345699071884
12,0,0.5266008973121643,0.3174596130847931,-1.0518964529037476
12,1,0.5511448979377747,0.28151363134384155,-0.9983122944831848
12,2,0.5668039917945862,0.2840364873409271,-0.9992566108703613
12,3,0.5807948708534241,0.28616875410079956,-0.9991973042488098
12,4,0.5076546669006348,0.27901747822761536,-0.9909027218818665
12,5,0.49474552273750305,0.27825096249580383,-0.9917868971824646
12,6,0.4812608063220978,0.2780013978481293,-0.992597758769989
12,7,0.6024116277694702,0.30110329389572144,-0.6728034615516663
12,8,0.46606647968292236,0.2913537621498108,-0.63808274269104
12,9,0.5501957535743713,0.3521115481853485,-0.9225346446037292
12,10,0.5015738606452942,0.347634494304657,-0.9168862104415894
12,11,0.6935611963272095,0.5171563029289246,-0.479254812002182
12,12,0.3648984432220459,0.5056663155555725,-0.4637010097503662
12,13,0.7213636636734009,0.7943018674850464,-0.6197249889373779
12,14,0.24562685191631317,0.7555997967720032,-0.9299414157867432
12,15,0.6050700545310974,0.9155411720275879,-1.0651414394378662
12,16,0.44211941957473755,0.6364719867706299,-1.6876603364944458
12,23,0.6235259771347046,0.9438456892967224,0.014017059467732906
12,24,0.39521121978759766,0.9403257369995117,-0.014377662912011147
13,0,0.5267050862312317,0.3172566592693329,-0.9362151622772217
13,1,0.5515510439872742,0.28150418400764465,-0.8754597306251526
13,2,0.5672918558120728,0.2840275466442108,-0.8764072060585022
13,3,0.5820505023002625,0.28615888953208923,-0.876401424407959
13,4,0.5075325965881348,0.2788264751434326,-0.8726765513420105
13,5,0.4945765733718872,0.2780212163925171,-0.8734840154647827
13,6,0.4805213510990143,0.2778192162513733,-0.8741929531097412
13,7,0.6020916104316711,0.3010922372341156,-0.5165827870368958
13,8,0.46383219957351685,0.29135385155677795,-0.5014870166778564
13,9,0.5501947402954102,0.35231661796569824,-0.7935736179351807
13,10,0.501144528388977,0.34792396426200867,-0.7941762208938599
13,11,0.6906536817550659,0.5144277215003967,-0.3063644766807556
13,12,0.3646688461303711,0.4889388978481293,-0.2904275059700012
13,13,0.7310787439346313,0.7884114980697632,-0.4278612732887268
13,14,0.2499515414237976,0.7368784546852112,-0.728966474533081
13,15,0.5874871015548706,0.8481104969978333,-0.9050625562667847
13,16,0.40367916226387024,0.5542553067207336,-1.5384798049926758
13,23,0.624725341796875,0.9367502331733704,0.008847692981362343
13,24,0.3944101929664612,0.9341754913330078,-0.009156299754977226
14,0,0.5267826914787292,0.3173082768917084,-0.8138192892074585
14,1,0.5515509843826294,0.28151553869247437,-0.7563230395317078
14,2,0.5672751069068909,0.2840564250946045,-0.7572514414787292
14,3,0.5819875597953796,0.28617584705352783,-0.7572185397148132
14,4,0.5072171688079834,0.27888545393943787,-0.75189208984375
14,5,0.49432846903800964,0.27823784947395325,-0.7526381611824036
14,6,0.47949448227882385,0.2787167429924011,-0.7532954216003418
14,7,0.6016387343406677,0.3010512590408325,-0.42314839363098145
14,8,0.463628888130188,0.291872501373291,-0.39955204725265503
14,9,0.5501497983932495,0.35301312804222107,-0.6817922592163086
14,10,0.5008291602134705,0.3489660322666168,-0.6800742149353027
14,11,0.6897613406181335,0.5130701065063477,-0.24111317098140717
14,12,0.3656742572784424,0.48120367527008057,-0.21110497415065765
14,13,0.735076367855072,0.7882748246192932,-0.4042659401893616
14,14,0.25261327624320984,0.719896674156189,-0.6494786143302917
14,15,0.5764814615249634,0.8112443685531616,-0.8818711042404175
14,16,0.3780035078525543,0.5055164098739624,-1.5276745557785034
14,23,0.6259042024612427,0.9345768690109253,0.006156908348202705
14,24,0.3944648802280426,0.9315930604934692,-0.006496813148260117
15,0,0.5268545150756836,0.31735408306121826,-0.861297607421875
15,1,0.5515433549880981,0.2815242409706116,-0.8090376257896423
15,2,0.5671553611755371,0.28406667709350586,-0.8099730610847473
15,3,0.5814298987388611,0.28617191314697266,-0.8099430203437805
15,4,0.5071960687637329,0.2789323031902313,-0.802744448184967
15,5,0.4943087100982666,0.2783282697200775,-0.8035546541213989
15,6,0.47941815853118896,0.2789786458015442,-0.8042115569114685
15,7,0.6009954810142517,0.3008527159690857,-0.4865822494029999
15,8,0.4636852741241455,0.2922230660915375,-0.45412448048591614
15,9,0.5501207113265991,0.353016197681427,-0.7321937084197998
15,10,0.5007464289665222,0.34902849793434143,-0.727934718132019
15,11,0.6888352036476135,0.5109118223190308,-0.2965415418148041
15,12,0.3667657971382141,0.4801892638206482,-0.24415583908557892
15,13,0.7359040975570679,0.788384199142456,-0.46728426218032837
15,14,0.2546510398387909,0.7094240188598633,-0.6348511576652527
15,15,0.576997697353363,0.7823027968406677,-0.9119585752487183
15,16,0.3446309566497803,0.48506587743759155,-1.4128886461257935
15,23,0.6269590258598328,0.9326686263084412,-0.003655584529042244
15,24,0.3948764204978943,0.9280464053153992,0.003185865469276905
16,0,0.526857316493988,0.3174835741519928,-0.8347193002700806
16,1,0.5515279769897461,0.2815428674221039,-0.779335081577301
16,2,0.5670762062072754,0.2840636372566223,-0.7802790999412537
16,3,0.5811368227005005,0.28614500164985657,-0.780221700668335
16,4,0.5071375966072083,0.27930256724357605,-0.773306131362915
16,5,0.49429741501808167,0.2788340747356415,-0.774093747138977
16,6,0.4793778955936432,0.2796790599822998,-0.7747117280960083
16,7,0.6009044647216797,0.30045631527900696,-0.4472206234931946
16,8,0.46375298500061035,0.2931189239025116,-0.415338933467865
16,9,0.5501351356506348,0.35297471284866333,-0.7027845978736877
16,10,0.5007405877113342,0.34904611110687256,-0.6988232731819153
16,11,0.6885818243026733,0.5103113651275635,-0.25874435901641846
16,12,0.3672780692577362,0.4800190329551697,-0.20429715514183044
16,13,0.7360724210739136,0.7885981798171997,-0.486501544713974
16,14,0.25833719968795776,0.7007561922073364,-0.5835869312286377
16,15,0.5821442008018494,0.754260778427124,-1.069338321685791
16,16,0.32377442717552185,0.4745834469795227,-1.3494325876235962
16,23,0.6273289918899536,0.928408682346344,-0.006776566617190838
16,24,0.3952501714229584,0.9220296740531921,0.006264772731810808
17,0,0.5270093083381653,0.3175138235092163,-0.8194490671157837
17,1,0.551498532295227,0.2815501391887665,-0.7619783282279968
17,2,0.5670511722564697,0.28405314683914185,-0.7629101872444153
17,3,0.5811100006103516,0.2860223948955536,-0.7628449201583862
17,4,0.5071927905082703,0.27959251403808594,-0.7590460181236267
17,5,0.4945056438446045,0.27932631969451904,-0.7598341703414917
17,6,0.4798009991645813,0.2803347706794739,-0.7604396343231201
17,7,0.6009026765823364,0.29969096183776855,-0.4236087203025818
17,8,0.46384915709495544,0.29429179430007935,-0.40687131881713867
17,9,0.5502360463142395,0.35290026664733887,-0.6858198046684265
17,10,0.500762403011322,0.3491306006908417,-0.6862884163856506
17,11,0.6878373622894287,0.5092721581459045,-0.23892660439014435
17,12,0.3674834370613098,0.47788578271865845,-0.20510463416576385
17,13,0.7356541156768799,0.7869809865951538,-0.48486077785491943
17,14,0.25906604528427124,0.6887992024421692,-0.5840439796447754
17,15,0.5852593183517456,0.7213516235351562,-1.1048903465270996
17,16,0.3176814019680023,0.480713814496994,-1.3354936838150024
17,23,0.6275101900100708,0.9216296672821045,-0.006421878933906555
17,24,0.39537811279296875,0.912837028503418,0.005892288405448198
18,0,0.5279987454414368,0.3181401193141937,-0.8911745548248291
18,1,0.5526620149612427,0.281891793012619,-0.8342044949531555
18,2,0.5674946308135986,0.28415417671203613,-0.8351626396179199
18,3,0.5819449424743652,0.28603124618530273,-0.8351142406463623
18,4,0.5081412196159363,0.2802392244338989,-0.8322679996490479
18,5,0.4954597055912018,0.2801952660083771,-0.833095371723175
18,6,0.48210063576698303,0.2809447646141052,-0.8337672352790833
18,7,0.6021767854690552,0.2996467351913452,-0.4887295663356781
18,8,0.46442580223083496,0.2946436405181885,-0.48026910424232483
18,9,0.5518438220024109,0.3529726266860962,-0.7551109194755554
18,10,0.5014889240264893,0.3493539094924927,-0.757573664188385
18,11,0.6878942251205444,0.5091226100921631,-0.29938051104545593
18,12,0.3604980707168579,0.47512897849082947,-0.276079922914505
18,13,0.735633909702301,0.7871106266975403,-0.5581332445144653
18,14,0.25850778818130493,0.6597495079040527,-0.6963706612586975
18,15,0.5960528254508972,0.6950100660324097,-1.2067500352859497
18,16,0.2937934398651123,0.5218911170959473,-1.5465959310531616
18,23,0.6282817125320435,0.9208667874336243,0.0014013663167133927
18,24,0.39632388949394226,0.9141671657562256,-0.0019221854163333774
19,0,0.5290903449058533,0.3183487355709076,-0.8811630606651306
19,1,0.5538100600242615,0.28250834345817566,-0.8239514827728271
19,2,0.5680127739906311,0.28450584411621094,-0.8248894810676575
19,3,0.5828869342803955,0.28619125485420227,-0.8248626589775085
19,4,0.5089212656021118,0.2807486951351166,-0.8233246207237244
19,5,0.4962381422519684,0.2807912826538086,-0.824184238910675
19,6,0.48383018374443054,0.2814040184020996,-0.8248469829559326
19,7,0.6028593182563782,0.2996354103088379,-0.47550010681152344
19,8,0.46484556794166565,0.29499876499176025,-0.4734184145927429
19,9,0.5533415079116821,0.3530169129371643,-0.743657112121582
19,10,0.5022539496421814,0.34970712661743164,-0.7483627200126648
19,11,0.6879342794418335,0.5085561275482178,-0.2853793501853943
19,12,0.3605719804763794,0.47600817680358887,-0.26319172978401184
19,13,0.7354481220245361,0.7870431542396545,-0.55710369348526
19,14,0.25150230526924133,0.6623660922050476,-0.6629034280776978
19,15,0.6090694665908813,0.6806595921516418,-1.1866647005081177
19,16,0.30661362409591675,0.5330690145492554,-1.5280722379684448
19,23,0.6284717917442322,0.9212598204612732,0.005395164247602224
19,24,0.39652198553085327,0.9154350757598877,-0.005883864127099514
20,0,0.5295814871788025,0.31851091980934143,-0.8718593120574951
20,1,0.5546777844429016,0.2832595705986023,-0.8167049884796143
20,2,0.5685020089149475,0.2849578857421875,-0.8176206350326538
20,3,0.5840312242507935,0.28644928336143494,-0.8175960183143616
20,4,0.5091601610183716,0.2816365659236908,-0.8152785897254944
20,5,0.4965754449367523,0.28180554509162903,-0.8161741495132446
20,6,0.4845004379749298,0.2824590802192688,-0.8168768882751465
20,7,0.6035791635513306,0.29964664578437805,-0.47494110465049744
20,8,0.46513861417770386,0.2955637574195862,-0.46976834535598755
20,9,0.5550152659416199,0.35310426354408264,-0.7366161942481995
20,10,0.5025883316993713,0.3498896658420563,-0.7405285835266113
20,11,0.6886876225471497,0.5080000162124634,-0.28230252861976624
20,12,0.3633241653442383,0.4767457842826843,-0.26303011178970337
20,13,0.7369205355644226,0.7862786650657654,-0.5409584045410156
20,14,0.24873614311218262,0.6663708686828613,-0.6543307900428772
20,15,0.6215653419494629,0.675377607345581,-1.1422823667526245
20,16,0.3204409182071686,0.5303261280059814,-1.4847666025161743
20,23,0.6297787427902222,0.9218336939811707,0.006866656243801117
20,24,0.3984670639038086,0.9161317348480225,-0.007330009713768959
21,0,0.5299670696258545,0.3185535669326782,-0.8259877562522888
21,1,0.5551214218139648,0.283818781375885,-0.7741572260856628
21,2,0.5687204003334045,0.2853250205516815,-0.7750653624534607
21,3,0.584537923336029,0.2866557240486145,-0.7750502824783325
21,4,0.5093142986297607,0.28212589025497437,-0.7724481821060181
21,5,0.4967796802520752,0.28226712346076965,-0.7733541131019592
21,6,0.4847525358200073,0.2828161120414734,-0.7740669250488281
21,7,0.6042322516441345,0.299650102853775,-0.4494068920612335
21,8,0.4653376340866089,0.29582512378692627,-0.4434376358985901
21,9,0.5562421679496765,0.35310789942741394,-0.6970103979110718
21,10,0.5029940605163574,0.3498933017253876,-0.7007476687431335
21,11,0.6901552081108093,0.5076227188110352,-0.2718513011932373
21,12,0.3653973937034607,0.47773364186286926,-0.23945198953151703
21,13,0.7403420209884644,0.7861317992210388,-0.5158113837242126
21,14,0.24471822381019592,0.6732867956161499,-0.6233245134353638
21,15,0.627205491065979,0.6700087189674377,-1.0879888534545898
21,16,0.33163002133369446,0.5246050953865051,-1.3315517902374268
21,23,0.6306117177009583,0.9223054647445679,0.006176588125526905
21,24,0.40247222781181335,0.9167419075965881,-0.006631825119256973
22,0,0.5305832624435425,0.31865090131759644,-0.8429222702980042
22,1,0.5557161569595337,0.2846624553203583,-0.7910940051078796
22,2,0.5690679550170898,0.28588417172431946,-0.7919685244560242
22,3,0.5852624773979187,0.2870482802391052,-0.7919435501098633
22,4,0.5098848342895508,0.28343498706817627,-0.7879629731178284
22,5,0.4973498284816742,0.2838967740535736,-0.7888796329498291
22,6,0.4857872724533081,0.28465545177459717,-0.789577066898346
22,7,0.6045149564743042,0.29970842599868774,-0.46082860231399536
22,8,0.4661635458469391,0.29698652029037476,-0.4464859068393707
22,9,0.5573257803916931,0.3531118631362915,-0.7110152840614319
22,10,0.5044128894805908,0.34992292523384094,-0.7120612263679504
22,11,0.6914664506912231,0.5048526525497437,-0.262074738740921
22,12,0.3693118095397949,0.47815269231796265,-0.23517164587974548
22,13,0.7458699345588684,0.7839208245277405,-0.49916163086891174
22,14,0.2439631223678589,0.6801334619522095,-0.5914450287818909
22,15,0.6348450779914856,0.6734322905540466,-1.0885255336761475
22,16,0.3539837896823883,0.5281615853309631,-1.3090524673461914
22,23,0.6311720609664917,0.9216759204864502,0.0034185724798589945
22,24,0.4028865396976471,0.91523277759552,-0.003884265199303627
23,0,0.5305211544036865,0.3196716010570526,-0.8201563358306885
23,1,0.5554613471031189,0.2871474325656891,-0.7662572860717773
23,2,0.5689020752906799,0.28809720277786255,-0.7671071290969849
23,3,0.5846034288406372,0.2890126705169678,-0.7670873999595642
23,4,0.5097621083259583,0.28569653630256653,-0.7605196237564087
23,5,0.49734991788864136,0.2860765755176544,-0.7614585161209106
23,6,0.485749751329422,0.2866564095020294,-0.7621461153030396
23,7,0.6045104265213013,0.30111634731292725,-0.4249795973300934
23,8,0.46652859449386597,0.29832029342651367,-0.3981044590473175
23,9,0.5572441220283508,0.3536117672920227,-0.683990478515625
23,10,0.504335343837738,0.3501357138156891,-0.6816398501396179
23,11,0.6915164589881897,0.5035416483879089,-0.21714083850383759
23,12,0.37017083168029785,0.4775339365005493,-0.17849229276180267
23,13,0.7452316880226135,0.7797234058380127,-0.44325608015060425
23,14,0.24788646399974823,0.6972068548202515,-0.5225666165351868
23,15,0.6324646472930908,0.6683043241500854,-1.0421621799468994
23,16,0.3949699401855469,0.535581648349762,-1.2434793710708618
23,23,0.6313323378562927,0.9182739853858948,0.0010791652603074908
23,24,0.4034162759780884,0.9104588627815247,-0.0015501825837418437
24,0,0.5307920575141907,0.3201499581336975,-0.8409749269485474
24,1,0.5555000305175781,0.28797978162765503,-0.7863149046897888
24,2,0.5689027905464172,0.2888587713241577,-0.7872115969657898
24,3,0.5845956802368164,0.2897394001483917,-0.7871613502502441
24,4,0.5098082423210144,0.2865462303161621,-0.7827515006065369
24,5,0.4974461495876312,0.2870718240737915,-0.7836383581161499
24,6,0.4857781231403351,0.2878800630569458,-0.7843427062034607
24,7,0.6046128273010254,0.30189329385757446,-0.45071956515312195
24,8,0.46669724583625793,0.29942893981933594,-0.42830929160118103
24,9,0.5574046969413757,0.3539380431175232,-0.7086697220802307
24,10,0.5045368671417236,0.3502921760082245,-0.7080724239349365
24,11,0.6916384100914001,0.5025545358657837,-0.23818418383598328
24,12,0.371898353099823,0.4775048792362213,-0.19984222948551178
24,13,0.7444514036178589,0.7771605253219604,-0.45702052116394043
24,14,0.26061826944351196,0.711336612701416,-0.5426496267318726
24,15,0.6307822465896606,0.6683786511421204,-1.0481301546096802
24,16,0.4171075224876404,0.5390223264694214,-1.2634676694869995
24,23,0.6325421929359436,0.916330099105835,-0.0012430116767063737
24,24,0.40890613198280334,0.9065771698951721,0.0008028891170397401
25,0,0.5313565135002136,0.3211422860622406,-0.868476152420044
25,1,0.5557745099067688,0.288316547870636,-0.8172889351844788
25,2,0.5691193342208862,0.2890584170818329,-0.8181644678115845
25,3,0.5849474668502808,0.28991538286209106,-0.8181860446929932
25,4,0.5100076794624329,0.2871045172214508,-0.8151026368141174
25,5,0.49762457609176636,0.28772178292274475,-0.8160360455513
25,6,0.4858487844467163,0.2886020839214325,-0.8167070150375366
25,7,0.6050829887390137,0.3021414279937744,-0.4675971269607544
25,8,0.46679970622062683,0.300139456987381,-0.45332151651382446
25,9,0.5579681992530823,0.35468941926956177,-0.7267991900444031
25,10,0.5050855875015259,0.3509365916252136,-0.7283347249031067
25,11,0.6916606426239014,0.50189608335495,-0.25381654500961304
25,12,0.37302345037460327,0.47736915946006775,-0.21347877383232117
25,13,0.7401726245880127,0.7753931879997253,-0.45930609107017517
25,14,0.2750767469406128,0.7227448225021362,-0.5721991658210754
25,15,0.6292679309844971,0.6788181066513062,-1.043410062789917
25,16,0.43046465516090393,0.5387707948684692,-1.2877647876739502
25,23,0.633063018321991,0.9151206612586975,-0.0011581939179450274
25,24,0.41191068291664124,0.9038859605789185,0.0007298616110347211
26,0,0.5313921570777893,0.32117512822151184,-0.8613017201423645
26,1,0.5558462142944336,0.28831130266189575,-0.8080632090568542
26,2,0.5692228674888611,0.28905996680259705,-0.8089503645896912
26,3,0.585156261920929,0.2899283766746521,-0.8089734315872192
26,4,0.5100444555282593,0.2871224582195282,-0.8062320947647095
26,5,0.49767258763313293,0.28773874044418335,-0.8071637153625488
26,6,0.4858762323856354,0.28862202167510986,-0.8078365325927734
26,7,0.6051033735275269,0.302428275346756,-0.45673853158950806
26,8,0.4668215215206146,0.3002624213695526,-0.44603878259658813
26,9,0.558053731918335,0.3547073304653168,-0.7196692824363708
26,10,0.5052542686462402,0.3508100211620331,-0.7220168113708496
26,11,0.6910308003425598,0.5019073486328125,-0.23490147292613983
26,12,0.3739500045776367,0.4774946868419647,-0.21752755343914032
26,13,0.7369957566261292,0.7755026817321777,-0.44034045934677124
26,14,0.2963252067565918,0.7295609712600708,-0.5701805353164673
26,15,0.6213017106056213,0.6803427934646606,-1.0369261503219604
26,16,0.44780460000038147,0.5397248864173889,-1.2767971754074097
26,23,0.6330586075782776,0.9152629971504211,0.000729397579561919
26,24,0.4132349491119385,0.9037865400314331,-0.0011259759776294231
27,0,0.5313940048217773,0.3212301433086395,-0.8568159341812134
27,1,0.5558682084083557,0.28830158710479736,-0.8024268746376038
27,2,0.5692586898803711,0.28906360268592834,-0.8033122420310974
27,3,0.5852158069610596,0.28994864225387573,-0.8033412098884583
27,4,0.5100041031837463,0.2871379256248474,-0.8010691404342651
27,5,0.49766603112220764,0.28777799010276794,-0.8019952774047852
27,6,0.48580628633499146,0.2886759638786316,-0.802651584148407
27,7,0.6050964593887329,0.3026852011680603,-0.451720654964447
27,8,0.4668061435222626,0.3003844618797302,-0.4436929523944855
27,9,0.5580398440361023,0.35471251606941223,-0.7156819105148315
27,10,0.5053778886795044,0.350816547870636,-0.718819260597229
27,11,0.690683901309967,0.5020933747291565,-0.2316053807735443
27,12,0.37444862723350525,0.478516548871994,-0.22086697816848755
27,13,0.7311295866966248,0.7757134437561035,-0.43468692898750305
27,14,0.31463441252708435,0.7349852919578552,-0.5633801817893982
27,15,0.6118655800819397,0.6827055811882019,-1.036148190498352
27,16,0.45916658639907837,0.5403861403465271,-1.2547491788864136
27,23,0.6330512762069702,0.9154526591300964,0.0033501533325761557
27,24,0.41464757919311523,0.9044108390808105,-0.0037193887401372194
28,0,0.5314323902130127,0.32141661643981934,-0.8598918914794922
28,1,0.5558780431747437,0.28855225443840027,-0.8043487668037415
28,2,0.5692894458770752,0.2892102301120758,-0.805233359336853
28,3,0.5852199196815491,0.2900969684123993,-0.8052545189857483
28,4,0.5100836753845215,0.2875191569328308,-0.8032253980636597
28,5,0.49769484996795654,0.28810572624206543,-0.8041461706161499
28,6,0.48581475019454956,0.2889844477176666,-0.8047982454299927
28,7,0.6050688624382019,0.3027060329914093,-0.4504322409629822
28,8,0.4668184816837311,0.300431489944458,-0.44557124376296997
28,9,0.5581474900245667,0.354968786239624,-0.7187473773956299
28,10,0.505607545375824,0.3508358299732208,-0.7222560048103333
28,11,0.6906760334968567,0.5021458268165588,-0.23797141015529633
28,12,0.37443891167640686,0.4838159382343292,-0.22595828771591187
28,13,0.7239013314247131,0.7758403420448303,-0.4448550045490265
28,14,0.3386165201663971,0.742455780506134,-0.5715836882591248
28,15,0.5926745533943176,0.6786244511604309,-1.0469553470611572
28,16,0.4662063717842102,0.5656968355178833,-1.2784372568130493
28,23,0.6331552863121033,0.9150806665420532,0.00823551882058382
28,24,0.41670718789100647,0.9044555425643921,-0.008499988354742527
29,0,0.5318269729614258,0.32170626521110535,-0.8164381384849548
29,1,0.5560629367828369,0.28891125321388245,-0.7594922780990601
29,2,0.5695018172264099,0.28941458463668823,-0.7603101134300232
29,3,0.5854067206382751,0.29026561975479126,-0.7603195905685425
29,4,0.5102054476737976,0.28820186853408813,-0.7597924470901489
29,5,0.4977765381336212,0.28878551721572876,-0.7607295513153076
29,6,0.4858402609825134,0.2896064519882202,-0.7613375782966614
29,7,0.6050524115562439,0.30265992879867554,-0.4085896909236908
29,8,0.4669039249420166,0.30059874057769775,-0.40989089012145996
29,9,0.5587663650512695,0.3551359176635742,-0.6761021018028259
29,10,0.506458044052124,0.35164135694503784,-0.6822459101676941
29,11,0.6912364959716797,0.502199113368988,-0.2109040468931198
29,12,0.3746781647205353,0.4872719347476959,-0.18612033128738403
29,13,0.7192885875701904,0.775973379611969,-0.4168631136417389
29,14,0.34640151262283325,0.748245358467102,-0.48228010535240173
29,15,0.5687135457992554,0.6655913591384888,-1.0019114017486572
29,16,0.46254703402519226,0.6208894848823547,-1.1409791707992554
29,23,0.6347084045410156,0.9136217832565308,0.012195339426398277
29,24,0.4204629957675934,0.9043311476707458,-0.012439764104783535
30,0,0.5320003032684326,0.3219311237335205,-0.8172981142997742
30,1,0.5561491250991821,0.28907960653305054,-0.7629032135009766
30,2,0.5695894360542297,0.2895190715789795,-0.7637218832969666
30,3,0.5854800343513489,0.2903866171836853,-0.7637306451797485
30,4,0.5102088451385498,0.2885113060474396,-0.7620863914489746
30,5,0.4977822005748749,0.28910765051841736,-0.7630307674407959
30,6,0.48575854301452637,0.28991642594337463,-0.7636538743972778
30,7,0.6050727963447571,0.3026103675365448,-0.42252498865127563
30,8,0.46691572666168213,0.30078503489494324,-0.41887354850769043
30,9,0.5593215227127075,0.3551943898200989,-0.6814690828323364
30,10,0.5066995024681091,0.35241031646728516,-0.6861510276794434
30,11,0.69264817237854,0.5022196769714355,-0.22275087237358093
30,12,0.374968022108078,0.4899986684322357,-0.19941584765911102
30,13,0.7162625789642334,0.7766436338424683,-0.4253048300743103
30,14,0.35360848903656006,0.7516739964485168,-0.4911265969276428
30,15,0.5615758895874023,0.6669248342514038,-0.9755202531814575
30,16,0.4767483174800873,0.6287944316864014,-1.1240308284759521
30,23,0.6365697979927063,0.9107163548469543,0.0142028434202075
30,24,0.4241447448730469,0.9032790660858154,-0.01444016583263874
31,0,0.5321640968322754,0.32194069027900696,-0.8133893013000488
31,1,0.5563010573387146,0.289082795381546,-0.757729172706604
31,2,0.5697450041770935,0.2895127534866333,-0.7585451602935791
31,3,0.585637629032135,0.2903710603713989,-0.7585561275482178
31,4,0.5102136135101318,0.28857913613319397,-0.7572789192199707
31,5,0.4977874159812927,0.2891899049282074,-0.7582199573516846
31,6,0.4857122600078583,0.2900006175041199,-0.7588432431221008
31,7,0.6050879955291748,0.3022701144218445,-0.414634644985199
31,8,0.4669254422187805,0.3007996380329132,-0.4128269553184509
31,9,0.559932291507721,0.3551740348339081,-0.6763128042221069
31,10,0.5068600177764893,0.35246387124061584,-0.6816049814224243
31,11,0.6932503581047058,0.5022066235542297,-0.2192922979593277
31,12,0.37510791420936584,0.49053484201431274,-0.1932261437177658
31,13,0.7142301201820374,0.7769292593002319,-0.41856783628463745
31,14,0.35549306869506836,0.754732072353363,-0.47503000497817993
31,15,0.556463360786438,0.6658554673194885,-0.9759871363639832
31,16,0.4724412262439728,0.6348938941955566,-1.1129487752914429
31,23,0.6373079419136047,0.9097428917884827,0.017591355368494987
31,24,0.42508193850517273,0.9022040963172913,-0.017811991274356842
32,0,0.5322861075401306,0.32197409868240356,-0.8288178443908691
32,1,0.5564567446708679,0.2890985310077667,-0.7705826163291931
32,2,0.5699652433395386,0.289516419172287,-0.7713755369186401
32,3,0.5858904719352722,0.2903728783130646,-0.7713964581489563
32,4,0.5102296471595764,0.2886001765727997,-0.772599458694458
32,5,0.4977954030036926,0.2892097234725952,-0.773552656173706
32,6,0.48567813634872437,0.29002147912979126,-0.7741527557373047
32,7,0.6051456928253174,0.3021060824394226,-0.417100727558136
32,8,0.4669310450553894,0.3008022904396057,-0.42759057879447937
32,9,0.5602591037750244,0.3551792502403259,-0.6881917715072632
32,10,0.5069019198417664,0.35264167189598083,-0.697068989276886
32,11,0.6934037208557129,0.5020406246185303,-0.2253636121749878
32,12,0.3756037950515747,0.4908278286457062,-0.19591695070266724
32,13,0.7149584889411926,0.7774158716201782,-0.42103883624076843
32,14,0.3569735586643219,0.7550827860832214,-0.4996429681777954
32,15,0.5597850680351257,0.6686837673187256,-0.9846622347831726
32,16,0.47121158242225647,0.6361548900604248,-1.1592355966567993
32,23,0.638319194316864,0.90800541639328,0.017963850870728493
32,24,0.4275876581668854,0.8994476795196533,-0.018171196803450584
33,0,0.5329279899597168,0.3219161331653595,-0.8328326940536499
33,1,0.5571385025978088,0.2888893187046051,-0.7740366458892822
33,2,0.5707133412361145,0.289249449968338,-0.7748070359230042
33,3,0.5868162512779236,0.29004165530204773,-0.7748298048973083
33,4,0.5104135274887085,0.28846025466918945,-0.7784549593925476
33,5,0.4979137182235718,0.28909456729888916,-0.7794129252433777
33,6,0.485685259103775,0.2899494469165802,-0.7800061702728271
33,7,0.605307936668396,0.3013741672039032,-0.42259669303894043
33,8,0.46693912148475647,0.3008078932762146,-0.44178706407546997
33,9,0.5612994432449341,0.35505935549736023,-0.6931082010269165
33,10,0.5073426365852356,0.35270795226097107,-0.7047479748725891
33,11,0.6936402320861816,0.5018722414970398,-0.23366373777389526
33,12,0.3761137127876282,0.49097099900245667,-0.21754586696624756
33,13,0.7154141664505005,0.7777470946311951,-0.42264634370803833
33,14,0.35579317808151245,0.7574092745780945,-0.5096826553344727
33,15,0.5603407025337219,0.6702939867973328,-0.993520975112915
33,16,0.47214075922966003,0.6359422206878662,-1.1687350273132324
33,23,0.6393482685089111,0.9070978164672852,0.0192998219281435
33,24,0.4304198622703552,0.8974466919898987,-0.019509047269821167
34,0,0.5336675643920898,0.3218815326690674,-0.8274347186088562
34,1,0.5578044652938843,0.28875550627708435,-0.7701073288917542
34,2,0.5714157819747925,0.28909197449684143,-0.770906388759613
34,3,0.5876703262329102,0.2898683547973633,-0.7709156274795532
34,4,0.5106968879699707,0.28830769658088684,-0.7730894088745117
34,5,0.49811214208602905,0.28894105553627014,-0.7740302085876465
34,6,0.48578691482543945,0.28984880447387695,-0.7746318578720093
34,7,0.6053600907325745,0.30100175738334656,-0.42422032356262207
34,8,0.466948926448822,0.3007960915565491,-0.438271164894104
34,9,0.5621846318244934,0.3549692630767822,-0.689712643623352
34,10,0.5079615116119385,0.35271555185317993,-0.6996073126792908
34,11,0.6937675476074219,0.5017452239990234,-0.23401011526584625
34,12,0.3763793706893921,0.49118298292160034,-0.21763406693935394
34,13,0.715404212474823,0.7782153487205505,-0.4276193380355835
34,14,0.3541284501552582,0.7600301504135132,-0.5095958113670349
34,15,0.5588247179985046,0.671086311340332,-0.9952443242073059
34,16,0.47117552161216736,0.6378926038742065,-1.15913724899292
34,23,0.6401438117027283,0.9058771729469299,0.019344976171851158
34,24,0.4321291148662567,0.8962028622627258,-0.019562533125281334
35,0,0.5340078473091125,0.3218855857849121,-0.8267982006072998
35,1,0.5580754280090332,0.2887360453605652,-0.7706494331359863
35,2,0.5717179775238037,0.28904008865356445,-0.7714619040489197
35,3,0.5880438089370728,0.2897785007953644,-0.7714686393737793
35,4,0.5108234286308289,0.2883062958717346,-0.7726829051971436
35,5,0.4982178807258606,0.28893908858299255,-0.7736196517944336
35,6,0.48585718870162964,0.2898527979850769,-0.7742342352867126
35,7,0.6053692102432251,0.3006576597690582,-0.427918404340744
35,8,0.46698203682899475,0.30079740285873413,-0.43839290738105774
35,9,0.5626683831214905,0.35486099123954773,-0.6905444264411926
35,10,0.5083594918251038,0.35273265838623047,-0.6991468071937561
35,11,0.6939465403556824,0.5016798973083496,-0.2346075028181076
35,12,0.37689366936683655,0.49140191078186035,-0.21775607764720917
35,13,0.7156062722206116,0.7784715294837952,-0.4296799898147583
35,14,0.3534097373485565,0.7606558203697205,-0.5107512474060059
35,15,0.5583823919296265,0.6718345880508423,-0.9834856390953064
35,16,0.4709973633289337,0.6394578814506531,-1.1568809747695923
35,23,0.6407538652420044,0.9049407243728638,0.019114164635539055
35,24,0.4333970546722412,0.8958197236061096,-0.019339285790920258
36,0,0.5343479514122009,0.32182833552360535,-0.8246814608573914
36,1,0.558509349822998,0.2886408269405365,-0.7685502171516418
36,2,0.5722450017929077,0.28889188170433044,-0.769375205039978
36,3,0.588717520236969,0.28957051038742065,-0.7693799138069153
36,4,0.5109182596206665,0.28824472427368164,-0.7696076035499573
36,5,0.498304158449173,0.2888670265674591,-0.770541787147522
36,6,0.4859258830547333,0.28980380296707153,-0.7711657285690308
36,7,0.6054400205612183,0.30009788274765015,-0.4271858334541321
36,8,0.46713295578956604,0.30068278312683105,-0.43333449959754944
36,9,0.5631624460220337,0.3547402322292328,-0.6889467835426331
36,10,0.5085996985435486,0.3526991009712219,-0.6962950825691223
36,11,0.6941034197807312,0.5016633868217468,-0.23575252294540405
36,12,0.3772108852863312,0.49166208505630493,-0.2164078801870346
36,13,0.715184211730957,0.7786766290664673,-0.4322722256183624
36,14,0.3538094162940979,0.7611514925956726,-0.5123662352561951
36,15,0.5568485856056213,0.6722632050514221,-0.995148241519928
36,16,0.470458060503006,0.6412517428398132,-1.1649731397628784
36,23,0.6407585144042969,0.9050086736679077,0.01904030330479145
36,24,0.43309441208839417,0.8960014581680298,-0.019271917641162872
37,0,0.5347390174865723,0.3217941224575043,-0.8149569630622864
37,1,0.5591394901275635,0.2885786294937134,-0.7590453624725342
37,2,0.573074221611023,0.2888178527355194,-0.7598779201507568
37,3,0.5896081328392029,0.2894832491874695,-0.7598831653594971
37,4,0.5110660791397095,0.2881840169429779,-0.7598810195922852
37,5,0.4984169006347656,0.28880706429481506,-0.7608150243759155
37,6,0.4859912693500519,0.2897704243659973,-0.7614377737045288
37,7,0.6057750582695007,0.2999792993068695,-0.41980111598968506
37,8,0.4672048091888428,0.3006782531738281,-0.42465224862098694
37,9,0.5637171864509583,0.35470885038375854,-0.6798719167709351
37,10,0.5087206363677979,0.35270383954048157,-0.686958909034729
37,11,0.6941677331924438,0.5016269087791443,-0.2340996265411377
37,12,0.37725162506103516,0.4918230473995209,-0.20921768248081207
37,13,0.7150803208351135,0.7787172794342041,-0.4312663674354553
37,14,0.35396090149879456,0.7621452808380127,-0.4990118145942688
37,15,0.5551802515983582,0.6726011633872986,-0.9905316829681396
37,16,0.46948784589767456,0.6430569291114807,-1.1514506340026855
37,23,0.6407997608184814,0.905095100402832,0.01890077441930771
37,24,0.43288183212280273,0.8961491584777832,-0.019137147814035416
38,0,0.5347481369972229,0.3214479982852936,-0.824988842010498
38,1,0.5593211650848389,0.28802958130836487,-0.768994152545929
38,2,0.5733779668807983,0.28829118609428406,-0.7698291540145874
38,3,0.590001106262207,0.2889464497566223,-0.7698326706886292
38,4,0.5110771059989929,0.28782597184181213,-0.7687475085258484
38,5,0.49844470620155334,0.2884669005870819,-0.7696834206581116
38,6,0.485995352268219,0.28946927189826965,-0.7703074812889099
38,7,0.6061740517616272,0.2996327579021454,-0.42909687757492065
38,8,0.46726086735725403,0.30054834485054016,-0.42955315113067627
38,9,0.5637864470481873,0.3543117046356201,-0.6896896958351135
38,10,0.5087267160415649,0.3524220287799835,-0.695439338684082
38,11,0.6944937705993652,0.5015904903411865,-0.24288873374462128
38,12,0.3774646818637848,0.49182239174842834,-0.21141894161701202
38,13,0.7151407599449158,0.7798023819923401,-0.4394243359565735
38,14,0.35353022813796997,0.7621849775314331,-0.5033047795295715
38,15,0.5556970238685608,0.6737183928489685,-0.9952048063278198
38,16,0.46926113963127136,0.6442985534667969,-1.1586679220199585
38,23,0.6410128474235535,0.9050066471099854,0.018806124106049538
38,24,0.4327055513858795,0.8957297801971436,-0.01903678849339485
39,0,0.5347700119018555,0.3211144208908081,-0.8392032384872437
39,1,0.5595024824142456,0.2875826060771942,-0.7835025191307068
39,2,0.5735950469970703,0.28789347410202026,-0.7843464016914368
39,3,0.590253472328186,0.2885652184486389,-0.784351646900177
39,4,0.5111094117164612,0.28743112087249756,-0.783042848110199
39,5,0.49849143624305725,0.28806817531585693,-0.7839784622192383
39,6,0.48600566387176514,0.28910237550735474,-0.7846155762672424
39,7,0.606460690498352,0.2994372546672821,-0.4434601664543152
39,8,0.4673323631286621,0.30042341351509094,-0.4425162076950073
39,9,0.5638723969459534,0.35395124554634094,-0.7037813663482666
39,10,0.5087394714355469,0.3521430790424347,-0.7091508507728577
39,11,0.6946287155151367,0.5015601515769958,-0.25526317954063416
39,12,0.3777743875980377,0.49185577034950256,-0.22415879368782043
39,13,0.7150402069091797,0.7800742983818054,-0.45318299531936646
39,14,0.3531278967857361,0.7622600793838501,-0.5139004588127136
39,15,0.5562892556190491,0.6745032668113708,-1.0085194110870361
39,16,0.46970251202583313,0.643707275390625,-1.1729235649108887
39,23,0.6410959362983704,0.9049901366233826,0.01877083070576191
39,24,0.43254053592681885,0.8955907225608826,-0.018996920436620712
40,0,0.5347847938537598,0.32083237171173096,-0.8511850237846375
40,1,0.5596574544906616,0.28719475865364075,-0.7954443097114563
40,2,0.5737677812576294,0.2875420153141022,-0.7962974309921265
40,3,0.5904413461685181,0.2882145941257477,-0.7963041663169861
40,4,0.5111364126205444,0.2871055603027344,-0.7952436804771423
40,5,0.4985240697860718,0.2877275049686432,-0.7961757183074951
40,6,0.4860084354877472,0.2887667715549469,-0.7968090176582336
40,7,0.6066737174987793,0.29921212792396545,-0.453842431306839
40,8,0.46736714243888855,0.30028221011161804,-0.4537413716316223
40,9,0.5639732480049133,0.3536980152130127,-0.7150984406471252
40,10,0.5087468028068542,0.35188037157058716,-0.7207527756690979
40,11,0.6946364641189575,0.5015234351158142,-0.26474276185035706
40,12,0.37780478596687317,0.4919012784957886,-0.23249995708465576
40,13,0.7150707840919495,0.7802743911743164,-0.46459347009658813
40,14,0.35322606563568115,0.7624321579933167,-0.5206671953201294
40,15,0.5565640330314636,0.6754146814346313,-1.0268276929855347
40,16,0.46945562958717346,0.64522385597229,-1.1861361265182495
40,23,0.6411548852920532,0.9047160744667053,0.018283812329173088
40,24,0.43240565061569214,0.8951370120048523,-0.018504882231354713
41,0,0.5347951650619507,0.3204997181892395,-0.8516646027565002
41,1,0.559798002243042,0.2868298888206482,-0.7956035137176514
41,2,0.5739142894744873,0.2872491478919983,-0.7964556217193604
41,3,0.5905991792678833,0.28796106576919556,-0.7964611053466797
41,4,0.5111581087112427,0.2867102026939392,-0.795326828956604
41,5,0.4985535442829132,0.287326455116272,-0.7962566614151001
41,6,0.48601222038269043,0.2883862555027008,-0.7968882322311401
41,7,0.6068946719169617,0.2991354763507843,-0.453553706407547
41,8,0.46742621064186096,0.3001508116722107,-0.4530603885650635
41,9,0.5640383958816528,0.3534712493419647,-0.7155112028121948
41,10,0.5087494850158691,0.3515596091747284,-0.7210174798965454
41,11,0.6946826577186584,0.5015368461608887,-0.26405760645866394
41,12,0.377890944480896,0.49203813076019287,-0.23291808366775513
41,13,0.7151123285293579,0.7805956602096558,-0.4681316912174225
41,14,0.353185772895813,0.764005720615387,-0.5224424004554749
41,15,0.5563483834266663,0.6773497462272644,-1.0412899255752563
41,16,0.4697995185852051,0.6458436846733093,-1.1939517259597778
41,23,0.6411224007606506,0.9046971797943115,0.018190354108810425
41,24,0.4319988191127777,0.8949670195579529,-0.018412459641695023
42,0,0.5348013639450073,0.32014718651771545,-0.8532559275627136
42,1,0.5598539113998413,0.2864958941936493,-0.7966130375862122
42,2,0.5739754438400269,0.2870040535926819,-0.7974621653556824
42,3,0.5906708836555481,0.2877492904663086,-0.7974660396575928
42,4,0.5111721158027649,0.28626301884651184,-0.7961835861206055
42,5,0.4985840916633606,0.2868295907974243,-0.7971097230911255
42,6,0.48601505160331726,0.28783583641052246,-0.7977333068847656
42,7,0.6070180535316467,0.2990788221359253,-0.4529525339603424
42,8,0.4674702286720276,0.2998977601528168,-0.4523720145225525
42,9,0.5640416145324707,0.3532494306564331,-0.7162485122680664
42,10,0.5087067484855652,0.3511592447757721,-0.7215697169303894
42,11,0.6946845650672913,0.501483678817749,-0.2629500925540924
42,12,0.37793323397636414,0.4921959936618805,-0.23129582405090332
42,13,0.7152586579322815,0.7810176610946655,-0.46908536553382874
42,14,0.3528773784637451,0.7654686570167542,-0.5211957097053528
42,15,0.5566261410713196,0.6815080046653748,-1.0535869598388672
42,16,0.4695775508880615,0.6477066874504089,-1.195276141166687
42,23,0.6410923600196838,0.9046123027801514,0.01755276694893837
42,24,0.43183383345603943,0.8945649862289429,-0.01778431609272957
43,0,0.5348196625709534,0.31986209750175476,-0.8899199962615967
43,1,0.5600665211677551,0.2859746813774109,-0.8316900134086609
43,2,0.5743126273155212,0.28653913736343384,-0.8325402736663818
43,3,0.590964138507843,0.2872447371482849,-0.8325361609458923
43,4,0.5113924145698547,0.2857205867767334,-0.8316729068756104
43,5,0.4987986385822296,0.2862059473991394,-0.8325770497322083
43,6,0.48616304993629456,0.28707388043403625,-0.8331701159477234
43,7,0.6070927381515503,0.29874131083488464,-0.4739610552787781
43,8,0.4675080180168152,0.29953503608703613,-0.47424912452697754
43,9,0.564050555229187,0.35287147760391235,-0.7472572922706604
43,10,0.5087102055549622,0.3508809804916382,-0.7530500888824463
43,11,0.6942521333694458,0.5012778639793396,-0.2708067297935486
43,12,0.37794652581214905,0.49266910552978516,-0.23614056408405304
43,13,0.7172812223434448,0.7823628187179565,-0.48915785551071167
43,14,0.35153359174728394,0.7671668529510498,-0.521284282207489
43,15,0.5564404726028442,0.6869560480117798,-1.1057820320129395
43,16,0.4691248834133148,0.6553142070770264,-1.2044663429260254
43,23,0.6410561203956604,0.9045527577400208,0.0160276610404253
43,24,0.431587815284729,0.8945493698120117,-0.016282737255096436
44,0,0.535093367099762,0.3192713260650635,-0.8962340354919434
44,1,0.5605087280273438,0.28533852100372314,-0.8380559086799622
44,2,0.5749877691268921,0.2860042154788971,-0.8389163613319397
44,3,0.5914133191108704,0.2866673171520233,-0.8389273881912231
44,4,0.51204514503479,0.2846981883049011,-0.837867796421051
44,5,0.4992537796497345,0.28505322337150574,-0.8387754559516907
44,6,0.48660963773727417,0.2856043875217438,-0.8393846154212952
44,7,0.6072320938110352,0.2983333468437195,-0.4790162146091461
44,8,0.4675542116165161,0.29858261346817017,-0.4784460663795471
44,9,0.5641738772392273,0.352227121591568,-0.7530341744422913
44,10,0.5087762475013733,0.350275456905365,-0.7586411237716675
44,11,0.6933775544166565,0.500993013381958,-0.2737514078617096
44,12,0.3779761791229248,0.49325865507125854,-0.2355760782957077
44,13,0.7201222777366638,0.7831682562828064,-0.48601943254470825
44,14,0.3478657305240631,0.7687699794769287,-0.5104054808616638
44,15,0.5564330220222473,0.6940321326255798,-1.0932414531707764
44,16,0.46795910596847534,0.6627716422080994,-1.194900631904602
44,23,0.6410562992095947,0.9055578708648682,0.015284338966012001
44,24,0.43113982677459717,0.8953705430030823,-0.015546704642474651
45,0,0.5351405143737793,0.3190566897392273,-0.908435046672821
45,1,0.5605771541595459,0.28489235043525696,-0.8519224524497986
45,2,0.5751575827598572,0.2855251431465149,-0.8527845740318298
45,3,0.5915725827217102,0.286039263010025,-0.8527933359146118
45,4,0.5121444463729858,0.2844336926937103,-0.8511541485786438
45,5,0.4993944764137268,0.2847984731197357,-0.8520523309707642
45,6,0.4867297410964966,0.28536689281463623,-0.8526548147201538
45,7,0.6072462797164917,0.2975500226020813,-0.4982794523239136
45,8,0.46764591336250305,0.2982900142669678,-0.4951154291629791
45,9,0.5642101764678955,0.35180944204330444,-0.7669806480407715
45,10,0.5089415907859802,0.349945604801178,-0.7718914151191711
45,11,0.6928278803825378,0.5008125901222229,-0.2949508726596832
45,12,0.37819215655326843,0.4933988153934479,-0.2449248731136322
45,13,0.724306046962738,0.7837268710136414,-0.5001111030578613
45,14,0.3444589376449585,0.7688727974891663,-0.5112773180007935
45,15,0.5565442442893982,0.7023798823356628,-1.0957043170928955
45,16,0.46757110953330994,0.6684964895248413,-1.1935380697250366
45,23,0.6411048173904419,0.9057236313819885,0.014024988748133183
45,24,0.4310727119445801,0.8956575989723206,-0.014293945394456387
46,0,0.5351263880729675,0.3185286819934845,-0.9161783456802368
46,1,0.5605816841125488,0.2840396761894226,-0.859817385673523
46,2,0.57517009973526,0.28473713994026184,-0.8606756925582886
46,3,0.5915806293487549,0.28506579995155334,-0.8606887459754944
46,4,0.512140154838562,0.28388339281082153,-0.8570935130119324
46,5,0.49941349029541016,0.2842867970466614,-0.8580061793327332
46,6,0.48672613501548767,0.28481730818748474,-0.8586296439170837
46,7,0.6072786450386047,0.29638156294822693,-0.5062227845191956
46,8,0.46766170859336853,0.29778942465782166,-0.49466171860694885
46,9,0.5641832947731018,0.35123318433761597,-0.7748201489448547
46,10,0.5089471936225891,0.34916815161705017,-0.7770636677742004
46,11,0.6928257942199707,0.5008008480072021,-0.3005804121494293
46,12,0.378221720457077,0.4935520887374878,-0.24414154887199402
46,13,0.7276051640510559,0.7849093675613403,-0.508683443069458
46,14,0.3405163288116455,0.7693220376968384,-0.5057895183563232
46,15,0.5577365159988403,0.7133784890174866,-1.1093136072158813
46,16,0.46587905287742615,0.6736777424812317,-1.190448522567749
46,23,0.6410341858863831,0.9076018333435059,0.01157305110245943
46,24,0.4291149079799652,0.8970802426338196,-0.011864762753248215
47,0,0.5349836349487305,0.31785833835601807,-0.9375607371330261
47,1,0.560491681098938,0.2829059660434723,-0.8802533745765686
47,2,0.5751749873161316,0.2836882174015045,-0.8811060190200806
47,3,0.5915648937225342,0.2838476002216339,-0.8811198472976685
47,4,0.5120674967765808,0.28309640288352966,-0.8771958351135254
47,5,0.49935686588287354,0.2835436165332794,-0.8781270980834961
47,6,0.4865807294845581,0.2840917706489563,-0.8787664771080017
47,7,0.6072948575019836,0.2949325144290924,-0.5200908184051514
47,8,0.46778011322021484,0.2971256971359253,-0.5061514377593994
47,9,0.564021110534668,0.35050418972969055,-0.7936517596244812
47,10,0.5088916420936584,0.34820425510406494,-0.7953102588653564
47,11,0.692897379398346,0.5007187128067017,-0.30665847659111023
47,12,0.378846138715744,0.49383753538131714,-0.24933969974517822
47,13,0.7320696115493774,0.7849150896072388,-0.5206092596054077
47,14,0.33514341711997986,0.7704088687896729,-0.5067623853683472
47,15,0.559561014175415,0.7237599492073059,-1.1362366676330566
47,16,0.464041531085968,0.6805747747421265,-1.1920208930969238
47,23,0.6411052346229553,0.9111745953559875,0.00929570198059082
47,24,0.42779070138931274,0.899857223033905,-0.009604392573237419
48,0,0.5347100496292114,0.31743916869163513,-1.0013066530227661
48,1,0.5603914260864258,0.28255048394203186,-0.9372828006744385
48,2,0.5749870538711548,0.2835005521774292,-0.938141942024231
48,3,0.5912731885910034,0.2837541997432709,-0.9381681084632874
48,4,0.5120741724967957,0.2825181186199188,-0.935193657875061
48,5,0.49936604499816895,0.2828940153121948,-0.9361346960067749
48,6,0.4865543246269226,0.28336668014526367,-0.9368243217468262
48,7,0.6073067784309387,0.2949371337890625,-0.5469921231269836
48,8,0.4678184986114502,0.2968465983867645,-0.5358688235282898
48,9,0.5632137060165405,0.35017499327659607,-0.8466325998306274
48,10,0.5087429881095886,0.3471340239048004,-0.8490378260612488
48,11,0.6927660703659058,0.5007197856903076,-0.30914732813835144
48,12,0.3788548707962036,0.4945373237133026,-0.26799899339675903
48,13,0.7342388033866882,0.7842292189598083,-0.5126701593399048
48,14,0.3217538595199585,0.7703014016151428,-0.5452916026115417
48,15,0.564969003200531,0.7499144673347473,-1.1350152492523193
48,16,0.45058876276016235,0.7110196948051453,-1.3136515617370605
48,23,0.6410900354385376,0.9128711819648743,0.005526036024093628
48,24,0.4220786988735199,0.9024724364280701,-0.0058705504052340984
49,0,0.5345442295074463,0.31677567958831787,-1.0023592710494995
49,1,0.5601590871810913,0.2818201780319214,-0.9389076828956604
49,2,0.5747269988059998,0.2830318510532379,-0.9397696256637573
49,3,0.5909146070480347,0.2834937572479248,-0.9397925734519958
49,4,0.5121086239814758,0.28135016560554504,-0.935889720916748
49,5,0.4993929862976074,0.2816320061683655,-0.9368202686309814
49,6,0.4865624010562897,0.2819233238697052,-0.9375128746032715
49,7,0.6073100566864014,0.2948846220970154,-0.5503196716308594
49,8,0.46791872382164,0.29607093334198,-0.5347363948822021
49,9,0.5622755289077759,0.349759578704834,-0.8483957648277283
49,10,0.5086563229560852,0.34575384855270386,-0.8492952585220337
49,11,0.6927934288978577,0.5007404685020447,-0.30985602736473083
49,12,0.3782503008842468,0.4947843849658966,-0.2747434079647064
49,13,0.7402708530426025,0.7828680276870728,-0.5116743445396423
49,14,0.30922937393188477,0.7701938152313232,-0.5440500378608704
49,15,0.569793164730072,0.7722824215888977,-1.1258111000061035
49,16,0.4422772526741028,0.7330152988433838,-1.2938967943191528
49,23,0.6403128504753113,0.9148797988891602,0.004511809442192316
49,24,0.4142386019229889,0.9088054299354553,-0.004874733742326498
50,0,0.5342656970024109,0.315693199634552,-0.9748978614807129
50,1,0.5596262812614441,0.2803247272968292,-0.9134923219680786
50,2,0.5742066502571106,0.28189632296562195,-0.9143447279930115
50,3,0.5902124643325806,0.2826789915561676,-0.9143571257591248
50,4,0.5120829343795776,0.27942603826522827,-0.9102281332015991
50,5,0.49936696887016296,0.2796304225921631,-0.9111571311950684
50,6,0.48648226261138916,0.27985766530036926,-0.911830723285675
50,7,0.6073154807090759,0.2947770953178406,-0.536842405796051
50,8,0.4679720103740692,0.2950950264930725,-0.5254938006401062
50,9,0.5613236427307129,0.3491462469100952,-0.8256275057792664
50,10,0.508472740650177,0.34495678544044495,-0.8265998363494873
50,11,0.6942943334579468,0.5013031363487244,-0.30665963888168335
50,12,0.3783265948295593,0.49489712715148926,-0.2735089361667633
50,13,0.7476046681404114,0.7823830842971802,-0.48593586683273315
50,14,0.30139729380607605,0.7694233655929565,-0.4995875060558319
50,15,0.5770142078399658,0.7905129790306091,-1.0931239128112793
50,16,0.43919986486434937,0.7569963335990906,-1.2110116481781006
50,23,0.6388429403305054,0.9187421202659607,0.004567095078527927
50,24,0.40852421522140503,0.9143961668014526,-0.004928765818476677
51,0,0.5340821146965027,0.31531012058258057,-1.0050616264343262
51,1,0.559181809425354,0.2796885073184967,-0.9465384483337402
51,2,0.573737621307373,0.2813773453235626,-0.9473918676376343
51,3,0.5894612669944763,0.28230902552604675,-0.9473905563354492
51,4,0.5120190382003784,0.27867138385772705,-0.943410336971283
51,5,0.49931713938713074,0.2787545323371887,-0.9443913698196411
51,6,0.48640042543411255,0.27891939878463745,-0.945141613483429
51,7,0.6072331070899963,0.2946275770664215,-0.5945835113525391
51,8,0.46830272674560547,0.29436296224594116,-0.5798403024673462
51,9,0.5607665777206421,0.34897997975349426,-0.8653400540351868
51,10,0.508468747138977,0.34483814239501953,-0.8664200901985168
51,11,0.6948339343070984,0.503003716468811,-0.3790335953235626
51,12,0.3780483305454254,0.49551451206207275,-0.36577361822128296
51,13,0.7530957460403442,0.7811064720153809,-0.5474840402603149
51,14,0.29208841919898987,0.7623805999755859,-0.6036977767944336
51,15,0.5844029784202576,0.8134292364120483,-1.099870204925537
51,16,0.44058898091316223,0.7782195806503296,-1.2290441989898682
51,23,0.6388536095619202,0.9212948679924011,0.005534735973924398
51,24,0.4077799618244171,0.9194496870040894,-0.005932655651122332
52,0,0.5337684154510498,0.31506040692329407,-1.0561504364013672
52,1,0.5585395693778992,0.2792607247829437,-0.9992857575416565
52,2,0.5732086896896362,0.2810366451740265,-1.0001574754714966
52,3,0.5886664986610413,0.28208497166633606,-1.000148892402649
52,4,0.5119537115097046,0.27826082706451416,-0.9967467784881592
52,5,0.4992768466472626,0.2782818377017975,-0.9977504014968872
52,6,0.48632919788360596,0.2784460484981537,-0.9985363483428955
52,7,0.6071650385856628,0.29461321234703064,-0.6536495089530945
52,8,0.46847695112228394,0.29400187730789185,-0.6418008804321289
52,9,0.5599269866943359,0.34883737564086914,-0.9186004996299744
52,10,0.5084357261657715,0.34482342004776,-0.9207545518875122
52,11,0.6952127814292908,0.5041291117668152,-0.4397096633911133
52,12,0.37728649377822876,0.4967283308506012,-0.4300105571746826
52,13,0.754618227481842,0.7810012102127075,-0.6106641888618469
52,14,0.2829596698284149,0.7596113085746765,-0.6475395560264587
52,15,0.5861205458641052,0.8412416577339172,-1.1450327634811401
52,16,0.4415607750415802,0.8039249181747437,-1.2329485416412354
52,23,0.6382783651351929,0.9242925047874451,0.008463350124657154
52,24,0.407214492559433,0.9283230900764465,-0.008862623944878578
53,0,0.5333088636398315,0.3149447441101074,-1.1532628536224365
53,1,0.5578287243843079,0.27899637818336487,-1.1012688875198364
53,2,0.5727677941322327,0.2808992564678192,-1.102195382118225
53,3,0.5880967974662781,0.2820679247379303,-1.102174997329712
53,4,0.5119268298149109,0.27782756090164185,-1.0975462198257446
53,5,0.49925243854522705,0.27769896388053894,-1.0985256433486938
53,6,0.4862208068370819,0.27775290608406067,-1.099365234375
53,7,0.6071717739105225,0.2948719561100006,-0.7725145220756531
53,8,0.4685019850730896,0.2934193015098572,-0.7570008635520935
53,9,0.5584986209869385,0.3488151729106903,-1.0210726261138916
53,10,0.5082113742828369,0.3448897898197174,-1.0221298933029175
53,11,0.6953985095024109,0.5063477754592896,-0.572463870048523
53,12,0.375154048204422,0.5005391240119934,-0.5525617599487305
53,13,0.7532728314399719,0.7817590832710266,-0.6925914287567139
53,14,0.28794169425964355,0.7596476674079895,-0.7750697135925293
53,15,0.5877220034599304,0.8962805867195129,-1.1338297128677368
53,16,0.45860543847084045,0.8422834873199463,-1.3176554441452026
53,23,0.6380996704101562,0.9310302138328552,0.009002618491649628
53,24,0.4076070189476013,0.9381751418113708,-0.00935881957411766
54,0,0.5328924059867859,0.31476330757141113,-1.1406168937683105
54,1,0.5569945573806763,0.27863946557044983,-1.0924960374832153
54,2,0.5721262097358704,0.2806985676288605,-1.0933990478515625
54,3,0.587193489074707,0.28200793266296387,-1.0933630466461182
54,4,0.5118333697319031,0.27727481722831726,-1.090569257736206
54,5,0.49913734197616577,0.2770051062107086,-1.0916193723678589
54,6,0.4859207272529602,0.2769605815410614,-1.0925137996673584
54,7,0.6071042418479919,0.29507526755332947,-0.7789856791496277
54,8,0.46847936511039734,0.2928963303565979,-0.7707082033157349
54,9,0.5575525164604187,0.3487393260002136,-1.0131726264953613
54,10,0.5078117847442627,0.3448941707611084,-1.0162160396575928
54,11,0.6957090497016907,0.5082273483276367,-0.5819658041000366
54,12,0.37314581871032715,0.5027294158935547,-0.5801788568496704
54,13,0.7526082992553711,0.7814401388168335,-0.6748803853988647
54,14,0.288948655128479,0.7596218585968018,-0.7093012928962708
54,15,0.6036475300788879,0.9246447086334229,-1.070802092552185
54,16,0.47682836651802063,0.8819417953491211,-1.0656087398529053
54,23,0.6359665989875793,0.9303783178329468,0.009251432493329048
54,24,0.40807652473449707,0.9348876476287842,-0.009616510942578316
55,0,0.532744824886322,0.3147362768650055,-0.9909600019454956
55,1,0.5565760135650635,0.27860674262046814,-0.9486000537872314
55,2,0.571771502494812,0.28069359064102173,-0.9494864344596863
55,3,0.5866605639457703,0.2820533215999603,-0.9494234323501587
55,4,0.5118168592453003,0.27705979347229004,-0.9433720707893372
55,5,0.4991110861301422,0.27670004963874817,-0.9445067644119263
55,6,0.48580095171928406,0.276585191488266,-0.9454895853996277
55,7,0.6069627404212952,0.2954995632171631,-0.7728903293609619
55,8,0.4684632420539856,0.29267871379852295,-0.7238150238990784
55,9,0.557122528553009,0.34872743487358093,-0.8875311017036438
55,10,0.5076280236244202,0.3449432849884033,-0.8867526650428772
55,11,0.6956771016120911,0.5101742744445801,-0.5031779408454895
55,12,0.37236881256103516,0.5041823387145996,-0.4763357639312744
55,13,0.7515488266944885,0.7812157273292542,-0.6147401928901672
55,14,0.2889416515827179,0.757472813129425,-0.5741766691207886
55,15,0.6097713708877563,0.9299470782279968,-0.864536702632904
55,16,0.47443434596061707,0.902630090713501,-0.8408082723617554
55,23,0.6325379014015198,0.9303303360939026,0.005655036773532629
55,24,0.4081357419490814,0.9348803162574768,-0.006082531064748764
56,0,0.5326935052871704,0.3146572709083557,-0.947373628616333
56,1,0.5564036965370178,0.2784905731678009,-0.8995882868766785
56,2,0.5715756416320801,0.2806554436683655,-0.9005030393600464
56,3,0.5863303542137146,0.28205421566963196,-0.9004335999488831
56,4,0.5118151903152466,0.2768864929676056,-0.8965327739715576
56,5,0.4990929961204529,0.2765183746814728,-0.8975998759269714
56,6,0.48570409417152405,0.27638933062553406,-0.8985376954078674
56,7,0.606923520565033,0.2957722842693329,-0.6759212017059326
56,8,0.4684704542160034,0.29257383942604065,-0.6524588465690613
56,9,0.5569330453872681,0.3486998677253723,-0.838345468044281
56,10,0.5074661374092102,0.3449612259864807,-0.8401918411254883
56,11,0.6957093477249146,0.5129407644271851,-0.4748225510120392
56,12,0.37068212032318115,0.5062752366065979,-0.44797614216804504
56,13,0.7491634488105774,0.7812094688415527,-0.5363086462020874
56,14,0.28946805000305176,0.7557618618011475,-0.5542316436767578
56,15,0.6145933866500854,0.9378467202186584,-0.7883275747299194
56,16,0.46236535906791687,0.9108136296272278,-0.8352078199386597
56,23,0.631016194820404,0.9331242442131042,0.004071120638400316
56,24,0.4107692241668701,0.9434768557548523,-0.004558796063065529
57,0,0.5327011346817017,0.31464242935180664,-0.9461634755134583
57,1,0.5563914179801941,0.278452068567276,-0.8968991041183472
57,2,0.5714761018753052,0.2806498110294342,-0.8978208303451538
57,3,0.5861207842826843,0.28206920623779297,-0.8977501392364502
57,4,0.5118597745895386,0.2767009139060974,-0.8952670097351074
57,5,0.49909165501594543,0.27628594636917114,-0.8963035345077515
57,6,0.48567765951156616,0.27607789635658264,-0.8972043991088867
57,7,0.6066157221794128,0.29599878191947937,-0.6491922736167908
57,8,0.46847814321517944,0.2921507954597473,-0.6457610130310059
57,9,0.5568798780441284,0.3486891984939575,-0.8328240513801575
57,10,0.5073133707046509,0.3449673354625702,-0.8364924192428589
57,11,0.6957114338874817,0.5140886902809143,-0.4674818515777588
57,12,0.3683291971683502,0.5073682069778442,-0.4455028176307678
57,13,0.7467442750930786,0.780440628528595,-0.5159507989883423
57,14,0.28848686814308167,0.7545830011367798,-0.5513339638710022
57,15,0.618618369102478,0.9419331550598145,-0.7886622548103333
57,16,0.44475871324539185,0.9137617945671082,-0.8356137871742249
57,23,0.6303642988204956,0.9339337944984436,0.0036650674883276224
57,24,0.4148252308368683,0.9482607245445251,-0.004176652058959007
58,0,0.5327426195144653,0.3146151006221771,-0.953851044178009
58,1,0.5563859343528748,0.27843669056892395,-0.9040073156356812
58,2,0.5713918209075928,0.2806428372859955,-0.9049167633056641
58,3,0.5859223008155823,0.2820667326450348,-0.9048523902893066
58,4,0.5118736624717712,0.27641719579696655,-0.9015500545501709
58,5,0.49906349182128906,0.275900661945343,-0.9025795459747314
58,6,0.48557016253471375,0.2756255865097046,-0.9034557938575745
58,7,0.6058271527290344,0.296080619096756,-0.6455476880073547
58,8,0.468281090259552,0.2913578748703003,-0.6360694766044617
58,9,0.556674063205719,0.3486589789390564,-0.8367629647254944
58,10,0.5071404576301575,0.34493589401245117,-0.8393123745918274
58,11,0.6957166790962219,0.514743983745575,-0.4667127728462219
58,12,0.366139680147171,0.5079413056373596,-0.4367084205150604
58,13,0.7428876757621765,0.7803211808204651,-0.5093874931335449
58,14,0.28905189037323,0.7547364830970764,-0.5168659090995789
58,15,0.6192653179168701,0.9476485848426819,-0.7895733714103699
58,16,0.4321399927139282,0.9209224581718445,-0.784945011138916
58,23,0.6300381422042847,0.9356494545936584,-0.00041180948028340936
58,24,0.4151185154914856,0.9510216116905212,-0.00017779492191039026
59,0,0.5325973629951477,0.31460514664649963,-0.9840471744537354
59,1,0.5562267303466797,0.2784324884414673,-0.9330258369445801
59,2,0.5711467862129211,0.2806418836116791,-0.9339666962623596
59,3,0.5854849219322205,0.28208228945732117,-0.9338909387588501
59,4,0.5118308067321777,0.2762218713760376,-0.9301567077636719
59,5,0.4989139437675476,0.27561861276626587,-0.9311767220497131
59,6,0.48537367582321167,0.27528679370880127,-0.9320924878120422
59,7,0.6050026416778564,0.29629752039909363,-0.646669328212738
59,8,0.46813496947288513,0.29045847058296204,-0.6345854997634888
59,9,0.5558626651763916,0.3486550748348236,-0.8653411865234375
59,10,0.5063134431838989,0.34490615129470825,-0.8672200441360474
59,11,0.6955847144126892,0.5152671337127686,-0.4811427593231201
59,12,0.3645937442779541,0.5083176493644714,-0.44947001338005066
59,13,0.7382798790931702,0.7801174521446228,-0.5174185633659363
59,14,0.2887820601463318,0.7547969222068787,-0.5326941013336182
59,15,0.6212568283081055,0.9522022604942322,-0.8220488429069519
59,16,0.42471227049827576,0.9249112010002136,-0.8292869925498962
59,23,0.6300944685935974,0.9362126588821411,-0.0005730182165279984
59,24,0.4174611568450928,0.9519479274749756,-2.58952295553172e-05
60,0,0.532496452331543,0.3145939111709595,-1.0023860931396484
60,1,0.556023895740509,0.2784416377544403,-0.9527009725570679
60,2,0.5709103941917419,0.2807029187679291,-0.9536371231079102
60,3,0.5851240158081055,0.2822088599205017,-0.9535689949989319
60,4,0.5117892026901245,0.27597787976264954,-0.9492852091789246
60,5,0.49876201152801514,0.2752876877784729,-0.950293779373169
60,6,0.48515936732292175,0.27493759989738464,-0.951193630695343
60,7,0.6042242050170898,0.29664647579193115,-0.6563383340835571
60,8,0.46787890791893005,0.2898051142692566,-0.6412038803100586
60,9,0.555302619934082,0.34869185090065,-0.8823896646499634
60,10,0.5053125619888306,0.3448452353477478,-0.8834558129310608
60,11,0.6954638957977295,0.5153101086616516,-0.4941459000110626
60,12,0.3636011779308319,0.5086573958396912,-0.45557132363319397
60,13,0.7355546951293945,0.7799110412597656,-0.5200687050819397
60,14,0.289103239774704,0.7563145756721497,-0.5337210893630981
60,15,0.6231093406677246,0.9571309685707092,-0.836496114730835
60,16,0.41944238543510437,0.932305634021759,-0.8232158422470093
60,23,0.6302469372749329,0.9371631145477295,-0.0011526329908519983
60,24,0.4206152558326721,0.9525915384292603,0.0005459067178890109
61,0,0.5323843955993652,0.31453558802604675,-1.033737301826477
61,1,0.5558127164840698,0.27843981981277466,-0.9826544523239136
61,2,0.5706878304481506,0.2807265520095825,-0.9835934638977051
61,3,0.5848636627197266,0.2822800278663635,-0.9835424423217773
61,4,0.5117536187171936,0.2756594121456146,-0.9783365726470947
61,5,0.4986448287963867,0.2749042510986328,-0.9793322682380676
61,6,0.48497551679611206,0.2745716869831085,-0.9802067279815674
61,7,0.6038195490837097,0.2969578206539154,-0.6728174686431885
61,8,0.4675035774707794,0.28929340839385986,-0.6533235907554626
61,9,0.554908812046051,0.34870901703834534,-0.909281849861145
61,10,0.5044333338737488,0.34476712346076965,-0.9091631770133972
61,11,0.6952731609344482,0.5155800580978394,-0.5065265893936157
61,12,0.36189594864845276,0.5093002915382385,-0.4581305682659149
61,13,0.7316263914108276,0.7809708714485168,-0.5313680768013
61,14,0.28952232003211975,0.7579586505889893,-0.531012237071991
61,15,0.6234434247016907,0.9601713418960571,-0.8558403253555298
61,16,0.4144989848136902,0.9341561198234558,-0.8291740417480469
61,23,0.6302953362464905,0.9381223917007446,-0.002141009783372283
61,24,0.42095616459846497,0.9530027508735657,0.001526999636553228
62,0,0.5323762893676758,0.31452304124832153,-1.0951907634735107
62,1,0.555792510509491,0.27844396233558655,-1.0425883531570435
62,2,0.5706177353858948,0.28074851632118225,-1.0435371398925781
62,3,0.5848112106323242,0.2823311984539032,-1.043506383895874
62,4,0.5117947459220886,0.27552586793899536,-1.0376126766204834
62,5,0.49863865971565247,0.2747511565685272,-1.0386120080947876
62,6,0.48495957255363464,0.2744341492652893,-1.0394837856292725
62,7,0.6035852432250977,0.29710304737091064,-0.7162418961524963
62,8,0.4672459065914154,0.2889379560947418,-0.6926526427268982
62,9,0.5548095107078552,0.3487173616886139,-0.9641306400299072
62,10,0.5041185617446899,0.3447452783584595,-0.9630514979362488
62,11,0.6949459314346313,0.5155503153800964,-0.536006510257721
62,12,0.3601352274417877,0.5098334550857544,-0.47408682107925415
62,13,0.7285758256912231,0.7814528942108154,-0.5669028162956238
62,14,0.28985148668289185,0.7586398124694824,-0.5319340229034424
62,15,0.6235053539276123,0.9598060250282288,-0.8836474418640137
62,16,0.41409173607826233,0.9317029118537903,-0.8332792520523071
62,23,0.6303018927574158,0.9386475682258606,-0.003801209619268775
62,24,0.4208128750324249,0.9534685015678406,0.003197294194251299
63,0,0.5323705673217773,0.3146588206291199,-1.1115362644195557
63,1,0.5557451844215393,0.27871426939964294,-1.0604074001312256
63,2,0.5704585909843445,0.2810930609703064,-1.0613449811935425
63,3,0.5845833420753479,0.28272390365600586,-1.0613152980804443
63,4,0.5118201971054077,0.2755337357521057,-1.0551836490631104
63,5,0.49863263964653015,0.2747497856616974,-1.0561845302581787
63,6,0.4849282205104828,0.2744331955909729,-1.0570423603057861
63,7,0.6027837991714478,0.2975374758243561,-0.7342275977134705
63,8,0.46667855978012085,0.28889262676239014,-0.7094215750694275
63,9,0.5546187162399292,0.34887054562568665,-0.9798053503036499
63,10,0.503948450088501,0.34496358036994934,-0.9785001277923584
63,11,0.6947779059410095,0.5155134797096252,-0.5515276789665222
63,12,0.3591145873069763,0.5098080635070801,-0.4854893982410431
63,13,0.7270634770393372,0.782488226890564,-0.5961001515388489
63,14,0.2892887592315674,0.7584298253059387,-0.534441351890564
63,15,0.6235257983207703,0.9607263803482056,-0.9193001389503479
63,16,0.41357773542404175,0.9321656823158264,-0.8452606797218323
63,23,0.6302207708358765,0.9394837617874146,-0.004527585115283728
63,24,0.4207378923892975,0.9534578919410706,0.003941305447369814
64,0,0.5323184728622437,0.31488704681396484,-1.1324315071105957
64,1,0.5555781722068787,0.27885356545448303,-1.0815662145614624
64,2,0.5702053904533386,0.2812580168247223,-1.082504391670227
64,3,0.5842602849006653,0.2829209566116333,-1.082475185394287
64,4,0.5118028521537781,0.275583416223526,-1.0757871866226196
64,5,0.49855443835258484,0.2747950851917267,-1.0767793655395508
64,6,0.4847398102283478,0.2744803726673126,-1.077633261680603
64,7,0.602235734462738,0.29790210723876953,-0.7536582946777344
64,8,0.46624165773391724,0.2888997495174408,-0.7262082695960999
64,9,0.5543599724769592,0.34909096360206604,-0.9996803402900696
64,10,0.5037832856178284,0.3452989161014557,-0.9975752234458923
64,11,0.6946172118186951,0.5159509181976318,-0.5706787109375
64,12,0.35812777280807495,0.5098018646240234,-0.49173256754875183
64,13,0.7252573370933533,0.7833104729652405,-0.6140590906143188
64,14,0.28832000494003296,0.7579294443130493,-0.536823570728302
64,15,0.6238691210746765,0.9620354175567627,-0.9398041367530823
64,16,0.41208356618881226,0.9321284890174866,-0.8452572822570801
64,23,0.6298744678497314,0.9411019086837769,-0.007474149111658335
64,24,0.4205634891986847,0.9540730714797974,0.0069238049909472466
65,0,0.5321950912475586,0.315156489610672,-1.1106748580932617
65,1,0.5553448796272278,0.27910667657852173,-1.0602043867111206
65,2,0.5698605179786682,0.281552791595459,-1.0611422061920166
65,3,0.5837724804878235,0.2832476794719696,-1.0611101388931274
65,4,0.5116415619850159,0.2757049798965454,-1.055250883102417
65,5,0.4982808232307434,0.27491745352745056,-1.0562529563903809
65,6,0.484244704246521,0.27461889386177063,-1.0571153163909912
65,7,0.6015206575393677,0.2984338402748108,-0.7369893193244934
65,8,0.4657779633998871,0.28900426626205444,-0.7133220434188843
65,9,0.5540422797203064,0.34934502840042114,-0.9798702001571655
65,10,0.5035190582275391,0.34575459361076355,-0.9788956642150879
65,11,0.694580614566803,0.5161322951316833,-0.5581288933753967
65,12,0.35711798071861267,0.5098050832748413,-0.4852984845638275
65,13,0.7244845628738403,0.7832448482513428,-0.6025628447532654
65,14,0.28822165727615356,0.7574538588523865,-0.5283454656600952
65,15,0.6257185339927673,0.9619878530502319,-0.9350948929786682
65,16,0.4101751446723938,0.9322598576545715,-0.8203853964805603
65,23,0.6292701363563538,0.9417781829833984,-0.008660262450575829
65,24,0.4204902648925781,0.954058825969696,0.008134685456752777
66,0,0.5319461822509766,0.3156338632106781,-1.132279872894287
66,1,0.555064857006073,0.2794814705848694,-1.0839542150497437
66,2,0.5695064663887024,0.2819611728191376,-1.0848990678787231
66,3,0.5833178162574768,0.28364840149879456,-1.0848731994628906
66,4,0.5113297700881958,0.27589794993400574,-1.0774495601654053
66,5,0.4978688657283783,0.27506738901138306,-1.0784475803375244
66,6,0.48360809683799744,0.2747541666030884,-1.0793102979660034
66,7,0.6010204553604126,0.29886531829833984,-0.76412433385849
66,8,0.46532392501831055,0.2890554666519165,-0.7335741519927979
66,9,0.5536678433418274,0.34975266456604004,-1.0019642114639282
66,10,0.503084659576416,0.3461991250514984,-0.9990125894546509
66,11,0.694459855556488,0.5162079930305481,-0.5858913660049438
66,12,0.3564850091934204,0.5097907185554504,-0.494968980550766
66,13,0.724068284034729,0.783335268497467,-0.6278087496757507
66,14,0.28830787539482117,0.7573688626289368,-0.5290441513061523
66,15,0.6258111596107483,0.9627186059951782,-0.9483243227005005
66,16,0.4084862768650055,0.9319688081741333,-0.8377867341041565
66,23,0.6283305287361145,0.9421966075897217,-0.011839579790830612
66,24,0.41996315121650696,0.9537656903266907,0.011353171430528164
67,0,0.5317679643630981,0.31599554419517517,-1.1131312847137451
67,1,0.5549056529998779,0.2797718346118927,-1.06381356716156
67,2,0.5692915320396423,0.2822715938091278,-1.064751386642456
67,3,0.5830823183059692,0.28395652770996094,-1.064721703529358
67,4,0.511060357093811,0.2760430574417114,-1.0581228733062744
67,5,0.4974926710128784,0.2751879394054413,-1.0591223239898682
67,6,0.4831002950668335,0.274868905544281,-1.0599819421768188
67,7,0.600666344165802,0.29917633533477783,-0.7459223866462708
67,8,0.4649450480937958,0.28909826278686523,-0.718324601650238
67,9,0.5534937977790833,0.3501213490962982,-0.9836919903755188
67,10,0.5027347207069397,0.346529096364975,-0.9818000793457031
67,11,0.6943735480308533,0.5163580775260925,-0.5715393424034119
67,12,0.35545989871025085,0.509837806224823,-0.4889293611049652
67,13,0.7236056923866272,0.7834413051605225,-0.6151402592658997
67,14,0.28821900486946106,0.7572426795959473,-0.5301523804664612
67,15,0.6255912780761719,0.9628621935844421,-0.9303993582725525
67,16,0.40745460987091064,0.9317440390586853,-0.8338139653205872
67,23,0.6281129717826843,0.9427709579467773,-0.013056457974016666
67,24,0.4196975827217102,0.9539701342582703,0.012569227255880833
68,0,0.5315655469894409,0.31645339727401733,-1.1359162330627441
68,1,0.5547599792480469,0.2802291810512543,-1.0884422063827515
68,2,0.5690827965736389,0.28274309635162354,-1.0893871784210205
68,3,0.5828754901885986,0.28443217277526855,-1.0893521308898926
68,4,0.5108489990234375,0.27634093165397644,-1.081750750541687
68,5,0.49720343947410583,0.275416761636734,-1.0827467441558838
68,6,0.48274651169776917,0.27504295110702515,-1.083594799041748
68,7,0.6004328727722168,0.2995882034301758,-0.7693930268287659
68,8,0.4646373391151428,0.2891336977481842,-0.7378419637680054
68,9,0.553184449672699,0.35051488876342773,-1.0053014755249023
68,10,0.5023941993713379,0.3467952609062195,-1.0021471977233887
68,11,0.6942799687385559,0.5163710713386536,-0.5910573601722717
68,12,0.3547707498073578,0.5095852017402649,-0.49675193428993225
68,13,0.7231148481369019,0.7834447026252747,-0.6359254121780396
68,14,0.28776827454566956,0.7569156885147095,-0.5385705232620239
68,15,0.6253460049629211,0.9624729156494141,-0.9553715586662292
68,16,0.4068296253681183,0.9300578832626343,-0.8343607783317566
68,23,0.627758264541626,0.9426998496055603,-0.015654487535357475
68,24,0.4192991554737091,0.9538612961769104,0.015175522305071354
69,0,0.5313483476638794,0.3168812096118927,-1.1225409507751465
69,1,0.5545747876167297,0.2805338203907013,-1.0737587213516235
69,2,0.5688573122024536,0.28303006291389465,-1.074698805809021
69,3,0.5826420783996582,0.284690797328949,-1.0746665000915527
69,4,0.5105637311935425,0.2767002582550049,-1.0677464008331299
69,5,0.4968615770339966,0.27576109766960144,-1.0687437057495117
69,6,0.4823550283908844,0.27533861994743347,-1.0695955753326416
69,7,0.6002457141876221,0.2997357249259949,-0.75472092628479
69,8,0.4644414782524109,0.2892262935638428,-0.7263726592063904
69,9,0.5529780387878418,0.3508782982826233,-0.9927303194999695
69,10,0.5021347999572754,0.3470941483974457,-0.9904009699821472
69,11,0.6942563652992249,0.516422688961029,-0.5776224732398987
69,12,0.354388952255249,0.5093672275543213,-0.49371451139450073
69,13,0.7228361368179321,0.7833495140075684,-0.6305550932884216
69,14,0.28680843114852905,0.7568159699440002,-0.5336989164352417
69,15,0.6250566840171814,0.9615097641944885,-0.9411769509315491
69,16,0.40697526931762695,0.9292351007461548,-0.8275319337844849
69,23,0.6276397705078125,0.9426487684249878,-0.015945380553603172
69,24,0.4192467927932739,0.953727662563324,0.015458056703209877
70,0,0.5310946702957153,0.31719452142715454,-1.1116403341293335
70,1,0.5544108152389526,0.28077226877212524,-1.0659916400909424
70,2,0.568631112575531,0.2832617163658142,-1.0669209957122803
70,3,0.5824100375175476,0.28492099046707153,-1.0668764114379883
70,4,0.5103023052215576,0.2769709527492523,-1.0592639446258545
70,5,0.4965539574623108,0.27601519227027893,-1.060271143913269
70,6,0.4820256531238556,0.2755509316921234,-1.0611205101013184
70,7,0.6000816226005554,0.2998999357223511,-0.7528088092803955
70,8,0.464277446269989,0.28927940130233765,-0.7234501242637634
70,9,0.5527108907699585,0.3511923849582672,-0.9837038516998291
70,10,0.501822829246521,0.3473062515258789,-0.9805746674537659
70,11,0.6942368149757385,0.5164429545402527,-0.5724354386329651
70,12,0.3540106415748596,0.5091457962989807,-0.4863182306289673
70,13,0.7228969931602478,0.7823798656463623,-0.6188207864761353
70,14,0.28605180978775024,0.7565405964851379,-0.522657573223114
70,15,0.624851644039154,0.9605043530464172,-0.9137007594108582
70,16,0.40663066506385803,0.9284711480140686,-0.8120412826538086
70,23,0.6274935603141785,0.9426041841506958,-0.016584867611527443
70,24,0.41923385858535767,0.9535216093063354,0.01609170250594616
71,0,0.5309604406356812,0.3173646330833435,-1.1038893461227417
71,1,0.5543190836906433,0.2809279263019562,-1.059400200843811
71,2,0.5685026049613953,0.28340503573417664,-1.060337781906128
71,3,0.5823045372962952,0.2850731909275055,-1.060280203819275
71,4,0.5101708769798279,0.2771110236644745,-1.0554944276809692
71,5,0.4963683485984802,0.27613794803619385,-1.0565284490585327
71,6,0.4818303883075714,0.27564722299575806,-1.0573958158493042
71,7,0.6000191569328308,0.2999996840953827,-0.7499305009841919
71,8,0.46410632133483887,0.28929033875465393,-0.7185479998588562
71,9,0.5525347590446472,0.3513721227645874,-0.9781163334846497
71,10,0.5016013979911804,0.34740036725997925,-0.9784427881240845
71,11,0.6942551732063293,0.5164855718612671,-0.569654643535614
71,12,0.3537822663784027,0.5088918209075928,-0.4931991398334503
71,13,0.7228151559829712,0.7816163301467896,-0.6061369776725769
71,14,0.28558701276779175,0.7564900517463684,-0.5492711663246155
71,15,0.6246955394744873,0.9604644179344177,-0.8940821290016174
71,16,0.4064543843269348,0.9300267696380615,-0.8297943472862244
71,23,0.6273897290229797,0.9423511624336243,-0.015572166070342064
71,24,0.41921624541282654,0.9523497819900513,0.01507840771228075
72,0,0.5309409499168396,0.317464679479599,-1.0730825662612915
72,1,0.5542976260185242,0.28104132413864136,-1.0279346704483032
72,2,0.5684828162193298,0.28348326683044434,-1.028861165046692
72,3,0.5822879672050476,0.2851351201534271,-1.0288153886795044
72,4,0.510158896446228,0.27717313170433044,-1.0246071815490723
72,5,0.4963390529155731,0.27619004249572754,-1.0256311893463135
72,6,0.481777548789978,0.2756918966770172,-1.0265021324157715
72,7,0.6000099778175354,0.30001765489578247,-0.7237655520439148
72,8,0.46386903524398804,0.2893070578575134,-0.7020280957221985
72,9,0.5525184273719788,0.35146281123161316,-0.9483505487442017
72,10,0.5015847086906433,0.34752869606018066,-0.9494619369506836
72,11,0.6944065690040588,0.5165314674377441,-0.5498819947242737
72,12,0.3535086512565613,0.5088768601417542,-0.48636215925216675
72,13,0.722672700881958,0.7813140153884888,-0.5760680437088013
72,14,0.28558436036109924,0.7565532326698303,-0.5363035202026367
72,15,0.6247580051422119,0.9599674940109253,-0.864435613155365
72,16,0.40668025612831116,0.9298794865608215,-0.810462236404419
72,23,0.627525806427002,0.9423669576644897,-0.014839242212474346
72,24,0.4191960394382477,0.9523139595985413,0.014337968081235886
73,0,0.530924916267395,0.31755831837654114,-1.0522297620773315
73,1,0.5542823076248169,0.28116557002067566,-1.0068148374557495
73,2,0.5684693455696106,0.28357237577438354,-1.007739782333374
73,3,0.5822728276252747,0.2851981520652771,-1.0077024698257446
73,4,0.510150134563446,0.27721482515335083,-1.0031219720840454
73,5,0.49629461765289307,0.2762174904346466,-1.0041389465332031
73,6,0.4817081391811371,0.2757159173488617,-1.005003571510315
73,7,0.5999920964241028,0.3000355362892151,-0.7065375447273254
73,8,0.4636339247226715,0.2893175482749939,-0.6869178414344788
73,9,0.5525000691413879,0.35152682662010193,-0.9289423227310181
73,10,0.5015700459480286,0.3476282060146332,-0.929620623588562
73,11,0.6944999098777771,0.5165723562240601,-0.5413877964019775
73,12,0.35339170694351196,0.5089053511619568,-0.476613312959671
73,13,0.7225132584571838,0.7812250852584839,-0.5693534016609192
73,14,0.28558704257011414,0.7566105723381042,-0.527552604675293
73,15,0.6246761083602905,0.9598075747489929,-0.8582221269607544
73,16,0.4067106246948242,0.9297794699668884,-0.8029458522796631
73,23,0.6276071071624756,0.9424248933792114,-0.014727018773555756
73,24,0.41908931732177734,0.9523937702178955,0.014226063154637814
74,0,0.5308679938316345,0.317621111869812,-1.0447499752044678
74,1,0.5542088150978088,0.2812614142894745,-0.9969785809516907
74,2,0.5684006214141846,0.2836550772190094,-0.9978978633880615
74,3,0.5822463035583496,0.28525829315185547,-0.9978663325309753
74,4,0.510087251663208,0.2772265374660492,-0.9924682378768921
74,5,0.49618399143218994,0.27622687816619873,-0.9934903979301453
74,6,0.48158228397369385,0.2757265269756317,-0.9943573474884033
74,7,0.5999537110328674,0.3000510036945343,-0.6902579069137573
74,8,0.46339190006256104,0.28932246565818787,-0.6677024364471436
74,9,0.5524341464042664,0.3515763282775879,-0.9196923971176147
74,10,0.5014627575874329,0.34765881299972534,-0.9192784428596497
74,11,0.6945452094078064,0.5167198181152344,-0.5241909027099609
74,12,0.3534032106399536,0.5088971257209778,-0.4561435580253601
74,13,0.7225305438041687,0.7812277674674988,-0.549647867679596
74,14,0.2844948172569275,0.7565430998802185,-0.5026357769966125
74,15,0.6246905326843262,0.9595543146133423,-0.8400224447250366
74,16,0.40675270557403564,0.9291949272155762,-0.7787591814994812
74,23,0.6278690099716187,0.9424038529396057,-0.014629419893026352
74,24,0.4190724194049835,0.9523406624794006,0.014126991853117943
75,0,0.5308371782302856,0.31767362356185913,-1.04298996925354
75,1,0.5541708469390869,0.2813607454299927,-0.994636058807373
75,2,0.5683583617210388,0.2837410271167755,-0.9955536723136902
75,3,0.5822346806526184,0.28532329201698303,-0.995523989200592
75,4,0.5100583434104919,0.2772347033023834,-0.9899462461471558
75,5,0.496118426322937,0.27623632550239563,-0.990969181060791
75,6,0.4815075099468231,0.2757371664047241,-0.9918358325958252
75,7,0.5999079346656799,0.30006441473960876,-0.6858824491500854
75,8,0.46319037675857544,0.28932738304138184,-0.6628097891807556
75,9,0.5523878931999207,0.3516041338443756,-0.9173025488853455
75,10,0.501383364200592,0.3476780354976654,-0.9166258573532104
75,11,0.6945850253105164,0.5167937278747559,-0.5186008214950562
75,12,0.3534134030342102,0.508882462978363,-0.4500132203102112
75,13,0.722540557384491,0.7812256813049316,-0.543643057346344
75,14,0.28375449776649475,0.7564845681190491,-0.496236115694046
75,15,0.6247222423553467,0.9593881368637085,-0.8347344398498535
75,16,0.40681591629981995,0.9288408756256104,-0.7737632989883423
75,23,0.6280808448791504,0.9423854947090149,-0.01455498207360506
75,24,0.4190590977668762,0.952321469783783,0.01405096985399723
76,0,0.5308070182800293,0.3177359700202942,-1.0472337007522583
76,1,0.5541382431983948,0.28147459030151367,-0.9989753365516663
76,2,0.5683140158653259,0.2838391661643982,-0.9998955726623535
76,3,0.5822228789329529,0.28539595007896423,-0.9998641610145569
76,4,0.5100270509719849,0.2772468030452728,-0.9942315816879272
76,5,0.4960502088069916,0.2762446999549866,-0.9952520132064819
76,6,0.4814273715019226,0.2757466733455658,-0.9961166977882385
76,7,0.5998611450195312,0.30007606744766235,-0.6888744235038757
76,8,0.4630081355571747,0.2893277108669281,-0.6663436889648438
76,9,0.5523349642753601,0.3516402244567871,-0.9212118983268738
76,10,0.5012674927711487,0.347696989774704,-0.9204739928245544
76,11,0.6946511268615723,0.5167984366416931,-0.5191597938537598
76,12,0.3534206748008728,0.5087031722068787,-0.4519794285297394
76,13,0.7225508093833923,0.7812227010726929,-0.5457488298416138
76,14,0.28325337171554565,0.7564342617988586,-0.49998828768730164
76,15,0.6247586607933044,0.9592145681381226,-0.8447567224502563
76,16,0.40694287419319153,0.9287338256835938,-0.7797528505325317
76,23,0.6280853152275085,0.942367434501648,-0.014745588414371014
76,24,0.41899073123931885,0.9519534707069397,0.014237460680305958
