frame,hand_index,landmark_index,x,y,z
10,0,0,0.4274703860282898,0.7354708313941956,9.829966174379479e-09
10,0,1,0.47176676988601685,0.7163088917732239,0.017453279346227646
10,0,2,0.520742654800415,0.722739040851593,0.026541952043771744
10,0,3,0.5524742603302002,0.7447525858879089,0.032535236328840256
10,0,4,0.5613798499107361,0.7688356637954712,0.03892204165458679
10,0,5,0.5464548468589783,0.7125682830810547,0.012509855441749096
10,0,6,0.5877132415771484,0.7424394488334656,0.02449982985854149
10,0,7,0.5852546095848083,0.757793128490448,0.03385845944285393
10,0,8,0.577042818069458,0.7621806859970093,0.038040727376937866
10,0,9,0.5424823760986328,0.7286629676818848,0.0036749078426510096
10,0,10,0.5797529816627502,0.757109522819519,0.020120160654187202
10,0,11,0.5776183605194092,0.7664331197738647,0.02688644826412201
10,0,12,0.5686699748039246,0.7687556743621826,0.026573069393634796
10,0,13,0.5326012372970581,0.7473417520523071,-0.0023142772261053324
10,0,14,0.5644911527633667,0.7748421430587769,0.016019808128476143
10,0,15,0.557723343372345,0.7784489989280701,0.021406635642051697
10,0,16,0.5460265278816223,0.7773449420928955,0.019258467480540276
10,0,17,0.5199295878410339,0.7657975554466248,-0.008016593754291534
10,0,18,0.5400621891021729,0.7868763208389282,0.0065221404656767845
10,0,19,0.5359966158866882,0.7892857789993286,0.011517337523400784
10,0,20,0.5272047519683838,0.7876752018928528,0.01146760955452919
11,0,0,0.45655977725982666,0.6878067255020142,2.4079427340950588e-09
11,0,1,0.4733693599700928,0.6522567868232727,0.009454513899981976
11,0,2,0.5084106922149658,0.6358960270881653,0.01744699850678444
11,0,3,0.5373737215995789,0.6351401209831238,0.024494536221027374
11,0,4,0.5528298020362854,0.6387214660644531,0.0326983816921711
11,0,5,0.5416796803474426,0.6500759124755859,0.014818692579865456
11,0,6,0.5652739405632019,0.6318365335464478,0.02989007718861103
11,0,7,0.5628433227539062,0.6275573372840881,0.04198554530739784
11,0,8,0.557315468788147,0.6290938258171082,0.048893749713897705
11,0,9,0.5491023063659668,0.6670265197753906,0.01334632933139801
11,0,10,0.5717871189117432,0.6479139924049377,0.030468769371509552
11,0,11,0.5675439834594727,0.6404770016670227,0.03950369358062744
11,0,12,0.560813844203949,0.6406508684158325,0.04353278502821922
11,0,13,0.5495522618293762,0.6808925867080688,0.013503140769898891
11,0,14,0.5677437782287598,0.6627920269966125,0.030302125960588455
11,0,15,0.560797393321991,0.6546946167945862,0.035921160131692886
11,0,16,0.5521487593650818,0.6537608504295349,0.03671270236372948
11,0,17,0.5451659560203552,0.6924576163291931,0.01396484486758709
11,0,18,0.5575870275497437,0.6760683655738831,0.028423277661204338
11,0,19,0.5519924759864807,0.6713268756866455,0.03407209366559982
11,0,20,0.5437073707580566,0.6724382042884827,0.0361219123005867
12,0,0,0.4259137809276581,0.6428934931755066,2.089989736830944e-09
12,0,1,0.4586876332759857,0.6485103368759155,-0.003992151934653521
12,0,2,0.4913802742958069,0.6347119212150574,-0.008645341731607914
12,0,3,0.5137245655059814,0.6210721731185913,-0.01438914518803358
12,0,4,0.5328689813613892,0.6116855144500732,-0.021825803443789482
12,0,5,0.48346075415611267,0.5919904112815857,-0.009483937174081802
12,0,6,0.5047115087509155,0.5686299204826355,-0.018448717892169952
12,0,7,0.521165668964386,0.5543096661567688,-0.026485739275813103
12,0,8,0.5349677205085754,0.5428480505943298,-0.03307570144534111
12,0,9,0.4716353714466095,0.5840412378311157,-0.01529978308826685
12,0,10,0.49233391880989075,0.5598034262657166,-0.023697195574641228
12,0,11,0.5099143385887146,0.5440089106559753,-0.03372019901871681
12,0,12,0.5245609283447266,0.5315093398094177,-0.04255993664264679
12,0,13,0.4579937756061554,0.5813217163085938,-0.02135522849857807
12,0,14,0.47474944591522217,0.5572019815444946,-0.029983893036842346
12,0,15,0.49103692173957825,0.5430923700332642,-0.03913186490535736
12,0,16,0.5045164227485657,0.533470094203949,-0.04669666290283203
12,0,17,0.4433428645133972,0.5835638046264648,-0.028105976060032845
12,0,18,0.45307496190071106,0.5630790591239929,-0.036788277328014374
12,0,19,0.4644925594329834,0.5507342219352722,-0.04334620386362076
12,0,20,0.4746171832084656,0.542393147945404,-0.0490260012447834
12,1,0,0.574892520904541,0.8704366683959961,-1.2742575883351037e-09
12,1,1,0.5668441653251648,0.8564520478248596,-0.03157010301947594
12,1,2,0.5512134432792664,0.844817042350769,-0.04970784857869148
12,1,3,0.538618803024292,0.8375536203384399,-0.06253670901060104
12,1,4,0.532370388507843,0.837538480758667,-0.07571040093898773
12,1,5,0.513789713382721,0.8631184101104736,-0.04382747784256935
12,1,6,0.47925472259521484,0.8658869862556458,-0.05824819207191467
12,1,7,0.45577874779701233,0.8663210868835449,-0.07110557705163956
12,1,8,0.43607351183891296,0.8670971393585205,-0.08044547587633133
12,1,9,0.510707437992096,0.8710479140281677,-0.0329195037484169
12,1,10,0.47803211212158203,0.8726838827133179,-0.04444397985935211
12,1,11,0.45171722769737244,0.8727571964263916,-0.05774882808327675
12,1,12,0.4299740791320801,0.8736339807510376,-0.06919049471616745
12,1,13,0.5108420252799988,0.8749452829360962,-0.022844785824418068
12,1,14,0.4816359579563141,0.8771193623542786,-0.031040923669934273
12,1,15,0.45917972922325134,0.8764470815658569,-0.04337864741683006
12,1,16,0.44315072894096375,0.8757364749908447,-0.053570594638586044
12,1,17,0.5127784013748169,0.8759375810623169,-0.015560411848127842
12,1,18,0.48795321583747864,0.8792691826820374,-0.021326489746570587
12,1,19,0.47096019983291626,0.8794125914573669,-0.029554149135947227
12,1,20,0.45817309617996216,0.8787523508071899,-0.037290919572114944
14,0,0,0.3774108290672302,0.5051605105400085,5.162485994247845e-09
14,0,1,0.41126811504364014,0.49872779846191406,-0.006579448468983173
14,0,2,0.43404650688171387,0.47051411867141724,-0.007534693460911512
14,0,3,0.4444696307182312,0.4442114233970642,-0.010596949607133865
14,0,4,0.4565785527229309,0.4285852015018463,-0.014108969829976559
14,0,5,0.4117129147052765,0.41609543561935425,0.014473129995167255
14,0,6,0.41470223665237427,0.3829035460948944,0.013023057021200657
14,0,7,0.41327086091041565,0.36052998900413513,0.009374316781759262
14,0,8,0.41010868549346924,0.3431318402290344,0.005990883335471153
14,0,9,0.39257675409317017,0.4092687964439392,0.010937470942735672
14,0,10,0.39721792936325073,0.3726979196071625,0.011107618920505047
14,0,11,0.39703211188316345,0.3485197424888611,0.004932560957968235
14,0,12,0.39565715193748474,0.3292964696884155,-0.00038142764242365956
14,0,13,0.37265118956565857,0.40961140394210815,0.0046104732900857925
14,0,14,0.3752363920211792,0.3746580183506012,0.0005544435698539019
14,0,15,0.37510964274406433,0.3539939820766449,-0.006462800782173872
14,0,16,0.37433841824531555,0.33908089995384216,-0.011252468451857567
14,0,17,0.350974977016449,0.4162648022174835,-0.003483253065496683
14,0,18,0.3474423289299011,0.3904028534889221,-0.008501201868057251
14,0,19,0.3465825319290161,0.37791869044303894,-0.01239787507802248
14,0,20,0.34538236260414124,0.3698910176753998,-0.01505851000547409
14,1,0,0.5640872716903687,0.811867892742157,3.639903933816413e-09
14,1,1,0.5645804405212402,0.7753305435180664,-0.014745384454727173
14,1,2,0.5519369840621948,0.7442946434020996,-0.026396172121167183
14,1,3,0.5418465733528137,0.7208452820777893,-0.03433482348918915
14,1,4,0.5407803058624268,0.7056871652603149,-0.04259735718369484
14,1,5,0.5132351517677307,0.7542911767959595,-0.04293307289481163
14,1,6,0.47102347016334534,0.7425369024276733,-0.0548882819712162
14,1,7,0.44396504759788513,0.7360673546791077,-0.06018318608403206
14,1,8,0.42188817262649536,0.7335819005966187,-0.0629981979727745
14,1,9,0.49950897693634033,0.7780743837356567,-0.03798484429717064
14,1,10,0.4532553255558014,0.7647544741630554,-0.04846016690135002
14,1,11,0.4244003891944885,0.7558597922325134,-0.050801023840904236
14,1,12,0.4030580520629883,0.7496545314788818,-0.052923187613487244
14,1,13,0.48994380235671997,0.7970924377441406,-0.031415365636348724
14,1,14,0.44852694869041443,0.781867504119873,-0.03833078220486641
14,1,15,0.4216384291648865,0.7702988982200623,-0.039595335721969604
14,1,16,0.40143340826034546,0.7611103653907776,-0.04058917239308357
14,1,17,0.48356741666793823,0.8105064034461975,-0.02591930516064167
14,1,18,0.4510091543197632,0.795849084854126,-0.02948112040758133
14,1,19,0.429550439119339,0.7843255400657654,-0.030670875683426857
14,1,20,0.4120672047138214,0.7739096283912659,-0.03233113884925842
15,0,0,0.35472196340560913,0.49034562706947327,3.1055711335881142e-09
15,0,1,0.39099326729774475,0.4741173982620239,-0.00904444232583046
15,0,2,0.41384488344192505,0.44322797656059265,-0.01518316101282835
15,0,3,0.4238983392715454,0.4160189628601074,-0.022933317348361015
15,0,4,0.43690282106399536,0.3990871012210846,-0.03160945326089859
15,0,5,0.3873412013053894,0.3962944746017456,-0.004525216296315193
15,0,6,0.38820916414260864,0.35989072918891907,-0.014507787302136421
15,0,7,0.386076956987381,0.33691591024398804,-0.022631745785474777
15,0,8,0.38273581862449646,0.31814414262771606,-0.028751159086823463
15,0,9,0.36547181010246277,0.39302125573158264,-0.010115806944668293
15,0,10,0.3672352731227875,0.3530133366584778,-0.019703909754753113
15,0,11,0.36717820167541504,0.32757309079170227,-0.029893461614847183
15,0,12,0.3667766749858856,0.3057287037372589,-0.037519630044698715
15,0,13,0.3451499342918396,0.39735132455825806,-0.0178578719496727
15,0,14,0.3437305688858032,0.35988858342170715,-0.028808780014514923
15,0,15,0.34328681230545044,0.33656638860702515,-0.038521092385053635
15,0,16,0.343652606010437,0.3169867992401123,-0.044899921864271164
15,0,17,0.3241972327232361,0.40856945514678955,-0.027110012248158455
15,0,18,0.31740322709083557,0.3808199465274811,-0.036447614431381226
15,0,19,0.31570106744766235,0.3645118474960327,-0.04270888864994049
15,0,20,0.3156554400920868,0.35042011737823486,-0.04718366637825966
15,1,0,0.5654054880142212,0.7839881181716919,-3.523933644888899e-10
15,1,1,0.5672701597213745,0.7472818493843079,-0.009190132841467857
15,1,2,0.5561267733573914,0.7145095467567444,-0.018535878509283066
15,1,3,0.5479920506477356,0.6882912516593933,-0.025195395573973656
15,1,4,0.5500597357749939,0.6689803004264832,-0.03234262019395828
15,1,5,0.5210013389587402,0.7211243510246277,-0.0390140525996685
15,1,6,0.4804301857948303,0.7059869170188904,-0.0504874661564827
15,1,7,0.45298144221305847,0.6980782747268677,-0.05564141646027565
15,1,8,0.4300133287906647,0.6942974925041199,-0.05863681435585022
15,1,9,0.5044869780540466,0.743966281414032,-0.03670458868145943
15,1,10,0.4608834981918335,0.7273843288421631,-0.0472089946269989
15,1,11,0.4339231550693512,0.7174023389816284,-0.04997992515563965
15,1,12,0.41348904371261597,0.7112283110618591,-0.05216968432068825
15,1,13,0.49250587821006775,0.763678789138794,-0.032342568039894104
15,1,14,0.4532678723335266,0.7456145286560059,-0.03917527198791504
15,1,15,0.428792268037796,0.7320190072059631,-0.04061485826969147
15,1,16,0.4103652834892273,0.7211854457855225,-0.041715383529663086
15,1,17,0.48536545038223267,0.7789802551269531,-0.028485534712672234
15,1,18,0.4546569883823395,0.7625881433486938,-0.0320599339902401
15,1,19,0.43567922711372375,0.7505344748497009,-0.03329891711473465
15,1,20,0.4203549921512604,0.7395434379577637,-0.03483086824417114
16,0,0,0.33152803778648376,0.4844110608100891,3.256444669474945e-09
16,0,1,0.3681640028953552,0.4680422842502594,-0.012499154545366764
16,0,2,0.393270879983902,0.43862515687942505,-0.023396626114845276
16,0,3,0.4072985053062439,0.4128348231315613,-0.034986384212970734
16,0,4,0.42427027225494385,0.3975757360458374,-0.04772645980119705
16,0,5,0.3687472939491272,0.3926113545894623,-0.01996299996972084
16,0,6,0.3692413568496704,0.3558918833732605,-0.034697167575359344
16,0,7,0.36848708987236023,0.3335956931114197,-0.04471540078520775
16,0,8,0.36717653274536133,0.31495994329452515,-0.05223948881030083
16,0,9,0.34500008821487427,0.3895266056060791,-0.02600625716149807
16,0,10,0.34633395075798035,0.34846600890159607,-0.040810853242874146
16,0,11,0.34757187962532043,0.3237583041191101,-0.05210120603442192
16,0,12,0.3491761386394501,0.30146437883377075,-0.060909952968358994
16,0,13,0.32259565591812134,0.3951258659362793,-0.03359805792570114
16,0,14,0.321449875831604,0.3571176528930664,-0.04878454655408859
16,0,15,0.3229479193687439,0.33353281021118164,-0.05925958231091499
16,0,16,0.3256692886352539,0.3127899467945099,-0.06643711775541306
16,0,17,0.299787312746048,0.40818697214126587,-0.0425841398537159
16,0,18,0.2918757498264313,0.38050490617752075,-0.05547744035720825
16,0,19,0.29004693031311035,0.3638830780982971,-0.06283215433359146
16,0,20,0.2903762757778168,0.348303884267807,-0.06832190603017807
16,1,0,0.5726143717765808,0.7532369494438171,-3.722661068294997e-11
16,1,1,0.5749314427375793,0.7163232564926147,-0.013628298416733742
16,1,2,0.5649102926254272,0.6828044056892395,-0.025633076205849648
16,1,3,0.5584118366241455,0.6566756963729858,-0.034675877541303635
16,1,4,0.5606904625892639,0.6379977464675903,-0.04433082044124603
16,1,5,0.5279753804206848,0.6881292462348938,-0.04188896715641022
16,1,6,0.48760879039764404,0.6701574921607971,-0.05489340052008629
16,1,7,0.4606243669986725,0.661388099193573,-0.061864033341407776
16,1,8,0.438060462474823,0.6561286449432373,-0.06637326627969742
16,1,9,0.5127438306808472,0.7115515470504761,-0.039014335721731186
16,1,10,0.469655841588974,0.6937129497528076,-0.05062800273299217
16,1,11,0.4426804482936859,0.6828488707542419,-0.055591732263565063
16,1,12,0.42196962237358093,0.6756191253662109,-0.05972704663872719
16,1,13,0.5023025870323181,0.7325063943862915,-0.03463483974337578
16,1,14,0.46379467844963074,0.7140682339668274,-0.042397238314151764
16,1,15,0.44044405221939087,0.7001882791519165,-0.04556562751531601
16,1,16,0.42269378900527954,0.689177393913269,-0.0483088418841362
16,1,17,0.4966425597667694,0.7490628957748413,-0.031231919303536415
16,1,18,0.46617239713668823,0.7332034111022949,-0.03574712574481964
16,1,19,0.4484900236129761,0.721468985080719,-0.03802260383963585
16,1,20,0.43405911326408386,0.7107601165771484,-0.04065806418657303
17,0,0,0.30730053782463074,0.48220887780189514,3.352558897162794e-09
17,0,1,0.34490448236465454,0.47158995270729065,-0.020760703831911087
17,0,2,0.37412652373313904,0.4561866223812103,-0.03927682712674141
17,0,3,0.3936153054237366,0.43716734647750854,-0.054678063839673996
17,0,4,0.4120267331600189,0.4238491654396057,-0.06687043607234955
17,0,5,0.3381972014904022,0.4045966565608978,-0.03802451491355896
17,0,6,0.3414773643016815,0.36303871870040894,-0.042586956173181534
17,0,7,0.34064874053001404,0.3801880180835724,-0.03458155319094658
17,0,8,0.33599838614463806,0.4002964496612549,-0.028943685814738274
17,0,9,0.30981871485710144,0.3998025357723236,-0.03410864993929863
17,0,10,0.31856855750083923,0.3540381193161011,-0.04355480894446373
17,0,11,0.3207266330718994,0.37186092138290405,-0.03603740036487579
17,0,12,0.31660977005958557,0.38973918557167053,-0.027688097208738327
17,0,13,0.28659874200820923,0.4000116288661957,-0.02977476827800274
17,0,14,0.2947368323802948,0.36151278018951416,-0.03598997741937637
17,0,15,0.2977781891822815,0.37657517194747925,-0.027504319325089455
17,0,16,0.2947033941745758,0.3902038335800171,-0.01927337795495987
17,0,17,0.2671928405761719,0.4044573903083801,-0.027083439752459526
17,0,18,0.2710585296154022,0.3755930960178375,-0.027463406324386597
17,0,19,0.27533459663391113,0.38647153973579407,-0.02095782570540905
17,0,20,0.2753331661224365,0.3975116014480591,-0.014888408593833447
17,1,0,0.5762248039245605,0.7269134521484375,-3.226318934235195e-10
17,1,1,0.5824161171913147,0.6881969571113586,-0.010160977020859718
17,1,2,0.5752755999565125,0.6535246968269348,-0.020752284675836563
17,1,3,0.5705338716506958,0.6273679137229919,-0.02865803986787796
17,1,4,0.5749709606170654,0.6095198392868042,-0.03693826124072075
17,1,5,0.5364804267883301,0.6562764048576355,-0.03918088600039482
17,1,6,0.49733105301856995,0.6390497088432312,-0.05079744756221771
17,1,7,0.4712069034576416,0.6299140453338623,-0.05633972957730293
17,1,8,0.44928765296936035,0.6252315640449524,-0.059740278869867325
17,1,9,0.5189166069030762,0.6800357699394226,-0.037033963948488235
17,1,10,0.47675999999046326,0.6600748300552368,-0.04754244536161423
17,1,11,0.45063623785972595,0.648168683052063,-0.05083642154932022
17,1,12,0.43068185448646545,0.6411382555961609,-0.05357671156525612
17,1,13,0.5067981481552124,0.701528012752533,-0.033019594848155975
17,1,14,0.46899551153182983,0.6804043054580688,-0.039746854454278946
17,1,15,0.4467719793319702,0.6660865545272827,-0.04130503535270691
17,1,16,0.43007922172546387,0.6553952097892761,-0.042697980999946594
17,1,17,0.4999379515647888,0.7190455198287964,-0.029608532786369324
17,1,18,0.4712866246700287,0.7012864947319031,-0.03304523229598999
17,1,19,0.45487383008003235,0.6890180706977844,-0.034120142459869385
17,1,20,0.44151872396469116,0.6781171560287476,-0.035690050572156906
18,0,0,0.5931902527809143,0.6945410966873169,2.0421311863749736e-10
18,0,1,0.5997223854064941,0.65565025806427,-0.004589693155139685
18,0,2,0.5949114561080933,0.6215083003044128,-0.01277640275657177
18,0,3,0.5897111296653748,0.5960949659347534,-0.018996629863977432
18,0,4,0.5897190570831299,0.5796850919723511,-0.02520780637860298
18,0,5,0.5605178475379944,0.6217764616012573,-0.034303318709135056
18,0,6,0.5202630162239075,0.5995832085609436,-0.044120337814092636
18,0,7,0.49573859572410583,0.5876713991165161,-0.04664328321814537
18,0,8,0.4751458764076233,0.5805914402008057,-0.047759465873241425
18,0,9,0.540117084980011,0.6432709097862244,-0.034327298402786255
18,0,10,0.4964448809623718,0.6185500621795654,-0.0441461056470871
18,0,11,0.47165459394454956,0.6041252017021179,-0.04421244189143181
18,0,12,0.4525410532951355,0.5939054489135742,-0.04400118812918663
18,0,13,0.5249807238578796,0.6634313464164734,-0.03216731175780296
18,0,14,0.4856877028942108,0.6389747858047485,-0.03874822333455086
18,0,15,0.46362200379371643,0.6220561265945435,-0.03747749328613281
18,0,16,0.44789350032806396,0.6084499359130859,-0.03611890599131584
18,0,17,0.5160355567932129,0.6799705028533936,-0.030091125518083572
18,0,18,0.4870173931121826,0.6575396060943604,-0.032886259257793427
18,0,19,0.47157466411590576,0.6433125138282776,-0.03214941546320915
18,0,20,0.4602522552013397,0.6304245591163635,-0.03183335065841675
19,0,0,0.6042335629463196,0.6779533624649048,1.8814962920998823e-09
19,0,1,0.6132336258888245,0.638698399066925,-0.0035914818290621042
19,0,2,0.6083391308784485,0.6037012934684753,-0.012055418454110622
19,0,3,0.605583131313324,0.5776926875114441,-0.018911896273493767
19,0,4,0.6136708855628967,0.5596718788146973,-0.02624519169330597
19,0,5,0.5728335976600647,0.6076220273971558,-0.034288737922906876
19,0,6,0.5332669019699097,0.587285041809082,-0.0451260469853878
19,0,7,0.5086060166358948,0.5751596093177795,-0.049491629004478455
19,0,8,0.48752549290657043,0.5671896934509277,-0.0519380159676075
19,0,9,0.5533673167228699,0.6288314461708069,-0.03510883077979088
19,0,10,0.5101709961891174,0.6039285659790039,-0.04532404616475105
19,0,11,0.48412445187568665,0.5882759094238281,-0.047028906643390656
19,0,12,0.4645809531211853,0.577747106552124,-0.04848985746502876
19,0,13,0.5391011834144592,0.6482487320899963,-0.03353224694728851
19,0,14,0.5006624460220337,0.6236390471458435,-0.03939274325966835
19,0,15,0.47824132442474365,0.6071617007255554,-0.03852164000272751
19,0,16,0.46229642629623413,0.5948167443275452,-0.03810394927859306
19,0,17,0.5301409363746643,0.664228618144989,-0.0320577397942543
19,0,18,0.500715970993042,0.6433744430541992,-0.03435961529612541
19,0,19,0.48486700654029846,0.6300836801528931,-0.033419616520404816
19,0,20,0.47314804792404175,0.6186055541038513,-0.033528733998537064
20,0,0,0.32323113083839417,0.5187883973121643,3.1868041538984926e-09
20,0,1,0.36956626176834106,0.5220322012901306,0.011331088840961456
20,0,2,0.4058336615562439,0.5423720479011536,0.015711085870862007
20,0,3,0.4342900216579437,0.5608679056167603,0.019494587555527687
20,0,4,0.4576588273048401,0.5640525817871094,0.02430037036538124
20,0,5,0.3865765333175659,0.5891110301017761,0.0022398303262889385
20,0,6,0.4006500244140625,0.614453136920929,0.019034888595342636
20,0,7,0.3961886167526245,0.6020504236221313,0.03587738052010536
20,0,8,0.3901858925819397,0.5896788239479065,0.04587984457612038
20,0,9,0.36671358346939087,0.6009214520454407,-0.0008973716758191586
20,0,10,0.3818773925304413,0.6232849359512329,0.018980544060468674
20,0,11,0.3800058662891388,0.6111460328102112,0.03533453121781349
20,0,12,0.37276849150657654,0.598252534866333,0.04352376610040665
20,0,13,0.34692078828811646,0.6063233017921448,-0.0006699896766804159
20,0,14,0.3636484146118164,0.6304445862770081,0.020341522991657257
20,0,15,0.3634997308254242,0.6204091310501099,0.03438957780599594
20,0,16,0.3571210503578186,0.6081273555755615,0.03954007104039192
20,0,17,0.32870355248451233,0.6076450347900391,9.892149682855234e-05
20,0,18,0.3424423933029175,0.6312068700790405,0.018702134490013123
20,0,19,0.34495893120765686,0.6227511167526245,0.030519792810082436
20,0,20,0.34192898869514465,0.6109011173248291,0.036409612745046616
20,1,0,0.6096707582473755,0.6722791194915771,2.4094604089697214e-09
20,1,1,0.6195564270019531,0.6333610415458679,-0.0024026238825172186
20,1,2,0.6167562007904053,0.5980384945869446,-0.011519299820065498
20,1,3,0.6172510981559753,0.5719226598739624,-0.01938168704509735
20,1,4,0.6271888613700867,0.5544384717941284,-0.0278223417699337
20,1,5,0.5817950963973999,0.6011295318603516,-0.035538993775844574
20,1,6,0.5436444282531738,0.577136218547821,-0.04721178114414215
20,1,7,0.5197343230247498,0.5642507076263428,-0.051848940551280975
20,1,8,0.4993882477283478,0.5558187961578369,-0.05458594486117363
20,1,9,0.5627009868621826,0.6215049028396606,-0.03776732459664345
20,1,10,0.5201418995857239,0.5936610102653503,-0.0490737147629261
20,1,11,0.4935845732688904,0.5774680376052856,-0.05121840909123421
20,1,12,0.4736228287220001,0.5665799975395203,-0.053016968071460724
20,1,13,0.5482470393180847,0.6407570242881775,-0.03740239888429642
20,1,14,0.5102382898330688,0.6127551198005676,-0.04450417309999466
20,1,15,0.4879281520843506,0.5944075584411621,-0.04440285637974739
20,1,16,0.4719054698944092,0.5809948444366455,-0.04445968568325043
20,1,17,0.5389009118080139,0.6567741632461548,-0.03687423840165138
20,1,18,0.5104569792747498,0.6337026953697205,-0.04033837467432022
20,1,19,0.4951503276824951,0.6189785003662109,-0.039984434843063354
20,1,20,0.483397901058197,0.6068065762519836,-0.04055105149745941
21,0,0,0.3626091182231903,0.5043942928314209,1.4316702268146742e-09
21,0,1,0.38587480783462524,0.5270870327949524,-0.001504323910921812
21,0,2,0.4085359573364258,0.5651751160621643,-0.009926858358085155
21,0,3,0.4184514284133911,0.6013316512107849,-0.016773506999015808
21,0,4,0.42698055505752563,0.6254138350486755,-0.02349879778921604
21,0,5,0.42200902104377747,0.5537106990814209,-0.038893889635801315
21,0,6,0.42833346128463745,0.5993329882621765,-0.04809350147843361
21,0,7,0.4304808974266052,0.6234825849533081,-0.04747853800654411
21,0,8,0.43347257375717163,0.6385090351104736,-0.0465729683637619
21,0,9,0.40772154927253723,0.5518136620521545,-0.04208045452833176
21,0,10,0.4116789698600769,0.6005650162696838,-0.0497528612613678
21,0,11,0.41551995277404785,0.6258639097213745,-0.04546443372964859
21,0,12,0.4192263185977936,0.6428473591804504,-0.043634653091430664
21,0,13,0.3881843388080597,0.5530062317848206,-0.042236022651195526
21,0,14,0.39306968450546265,0.5991545915603638,-0.045176807790994644
21,0,15,0.3972044587135315,0.6240023970603943,-0.036521390080451965
21,0,16,0.40085962414741516,0.6404170393943787,-0.032050035893917084
21,0,17,0.3646980822086334,0.5561627149581909,-0.042351022362709045
21,0,18,0.37254035472869873,0.5930147767066956,-0.04323775693774223
21,0,19,0.377638578414917,0.6136445999145508,-0.03756667673587799
21,0,20,0.38169634342193604,0.6290422677993774,-0.034456148743629456
21,1,0,0.6143462061882019,0.6693440675735474,2.860586656439068e-09
21,1,1,0.625213086605072,0.6322900056838989,-0.0038696301635354757
21,1,2,0.6252797245979309,0.5965165495872498,-0.01465456373989582
21,1,3,0.6273906230926514,0.570250391960144,-0.024282535538077354
21,1,4,0.6367997527122498,0.5530486106872559,-0.0345812626183033
21,1,5,0.5906798839569092,0.5975131392478943,-0.03793545812368393
21,1,6,0.5539525151252747,0.5706446170806885,-0.050844956189394
21,1,7,0.5305706262588501,0.5565853714942932,-0.056247252970933914
21,1,8,0.5106183290481567,0.5471184253692627,-0.05970567837357521
21,1,9,0.5715215802192688,0.6165711283683777,-0.04107193648815155
21,1,10,0.5295327305793762,0.5869971513748169,-0.05371055752038956
21,1,11,0.5026980638504028,0.5706261396408081,-0.056824784725904465
21,1,12,0.48226016759872437,0.5597461462020874,-0.05951572582125664
21,1,13,0.5564954280853271,0.635287344455719,-0.0417923629283905
21,1,14,0.5193850994110107,0.6058829426765442,-0.05075424909591675
21,1,15,0.496672123670578,0.5871134996414185,-0.05202660709619522
21,1,16,0.48030734062194824,0.5732321739196777,-0.053128305822610855
21,1,17,0.5461418628692627,0.6511868238449097,-0.04238985851407051
21,1,18,0.5183185338973999,0.6278113722801208,-0.04769257456064224
21,1,19,0.5031770467758179,0.6130509972572327,-0.04839101433753967
21,1,20,0.49136099219322205,0.6007373332977295,-0.049804408103227615
22,0,0,0.3600589334964752,0.5193063616752625,1.1299244873086423e-09
22,0,1,0.39753347635269165,0.5144270062446594,-0.0010505943791940808
22,0,2,0.4367429316043854,0.5250207781791687,-0.0052869804203510284
22,0,3,0.46581926941871643,0.5325081944465637,-0.009074713103473186
22,0,4,0.4882710874080658,0.5337232351303101,-0.013611418195068836
22,0,5,0.44298988580703735,0.5458783507347107,-0.01994221843779087
22,0,6,0.4651755690574646,0.580115795135498,-0.027182117104530334
22,0,7,0.47833818197250366,0.6036532521247864,-0.030691521242260933
22,0,8,0.48852604627609253,0.6199765205383301,-0.033211592584848404
22,0,9,0.4277697801589966,0.5581658482551575,-0.022947026416659355
22,0,10,0.45041993260383606,0.5938953757286072,-0.02866111695766449
22,0,11,0.46575695276260376,0.6169024705886841,-0.030978772789239883
22,0,12,0.4789550304412842,0.6336607336997986,-0.033656343817710876
22,0,13,0.4097587466239929,0.5700644850730896,-0.024380244314670563
22,0,14,0.43267664313316345,0.6031244993209839,-0.026409389451146126
22,0,15,0.4476335048675537,0.6263957023620605,-0.026300815865397453
22,0,16,0.45964527130126953,0.6418069005012512,-0.02756643295288086
22,0,17,0.39123353362083435,0.5804436802864075,-0.026318853721022606
22,0,18,0.409366637468338,0.6078397631645203,-0.027112552896142006
22,0,19,0.4234830439090729,0.6246136426925659,-0.027012338861823082
22,0,20,0.4366612434387207,0.6378213763237,-0.02796238288283348
22,1,0,0.6162363886833191,0.6667556166648865,3.0525115768398337e-09
22,1,1,0.6281319856643677,0.6319054365158081,-0.00932992808520794
22,1,2,0.6302324533462524,0.5966401100158691,-0.022828703746199608
22,1,3,0.6341596245765686,0.5702627897262573,-0.033703312277793884
22,1,4,0.6444473266601562,0.5544944405555725,-0.0451572984457016
22,1,5,0.5962168574333191,0.5978022813796997,-0.047436658293008804
22,1,6,0.560642659664154,0.56996750831604,-0.06312982738018036
22,1,7,0.5378808379173279,0.5538561940193176,-0.07013925909996033
22,1,8,0.5183016061782837,0.5427389144897461,-0.07438014447689056
22,1,9,0.5748670697212219,0.6162101626396179,-0.047473564743995667
22,1,10,0.5348343253135681,0.5832616686820984,-0.06312696635723114
22,1,11,0.5095489025115967,0.5620895624160767,-0.06783740967512131
22,1,12,0.4909662902355194,0.5467886924743652,-0.07151947915554047
22,1,13,0.5581042766571045,0.6334229707717896,-0.0450250618159771
22,1,14,0.5224460363388062,0.6020979285240173,-0.055673256516456604
22,1,15,0.5004637241363525,0.5803431272506714,-0.058134060353040695
22,1,16,0.4852820038795471,0.5639324188232422,-0.059881433844566345
22,1,17,0.5467370748519897,0.6473175883293152,-0.042802244424819946
22,1,18,0.5212562680244446,0.6224332451820374,-0.04879970848560333
22,1,19,0.5065702795982361,0.6060263514518738,-0.050387077033519745
22,1,20,0.4954999089241028,0.5921837091445923,-0.052403971552848816
23,0,0,0.384279727935791,0.5423794984817505,1.1609362360331943e-09
23,0,1,0.40868255496025085,0.514295220375061,-0.006598945707082748
23,0,2,0.4386484920978546,0.4988504946231842,-0.010736404918134212
23,0,3,0.46226397156715393,0.485535591840744,-0.013908290304243565
23,0,4,0.4816139042377472,0.4684531092643738,-0.01790599152445793
23,0,5,0.47291481494903564,0.5211701989173889,-0.013093377463519573
23,0,6,0.5099320411682129,0.5281082391738892,-0.018027717247605324
23,0,7,0.5344208478927612,0.5353401303291321,-0.02403082512319088
23,0,8,0.5536810755729675,0.542359471321106,-0.02868766337633133
23,0,9,0.47468146681785583,0.5402202606201172,-0.011771151795983315
23,0,10,0.5094475746154785,0.5529800653457642,-0.01501910574734211
23,0,11,0.5342932939529419,0.5630075335502625,-0.020526330918073654
23,0,12,0.5535055994987488,0.5709635019302368,-0.025794943794608116
23,0,13,0.47171926498413086,0.55923992395401,-0.009881584905087948
23,0,14,0.5033606290817261,0.5702336430549622,-0.01021190732717514
23,0,15,0.5255981087684631,0.5812978148460388,-0.012989329174160957
23,0,16,0.5409234166145325,0.5899970531463623,-0.016574714332818985
23,0,17,0.4665188193321228,0.5773627758026123,-0.009312622249126434
23,0,18,0.4896814227104187,0.5870234370231628,-0.008722804486751556
23,0,19,0.5071243047714233,0.5955454111099243,-0.010046976618468761
23,0,20,0.5213881134986877,0.6033994555473328,-0.012349857948720455
23,1,0,0.6123790740966797,0.6707528829574585,3.806916559767615e-09
23,1,1,0.6251474022865295,0.636359691619873,-0.00526604475453496
23,1,2,0.6301735639572144,0.6004576683044434,-0.01661202684044838
23,1,3,0.6392196416854858,0.5746495127677917,-0.026086684316396713
23,1,4,0.6547810435295105,0.5617668628692627,-0.03578607365489006
23,1,5,0.5994008183479309,0.6017626523971558,-0.042214978486299515
23,1,6,0.5650539398193359,0.5746243000030518,-0.05539272725582123
23,1,7,0.5437062382698059,0.5592104196548462,-0.060649238526821136
23,1,8,0.5260088443756104,0.5491220355033875,-0.0638151541352272
23,1,9,0.5780511498451233,0.6188623309135437,-0.04361565411090851
23,1,10,0.5398459434509277,0.5856966972351074,-0.05592875927686691
23,1,11,0.5167268514633179,0.5654120445251465,-0.058109577745199203
23,1,12,0.5003138780593872,0.5510496497154236,-0.060471974313259125
23,1,13,0.5603384375572205,0.6352347135543823,-0.0423380546271801
23,1,14,0.5275957584381104,0.6040791869163513,-0.049005139619112015
23,1,15,0.5099919438362122,0.5857187509536743,-0.047692786902189255
23,1,16,0.498786062002182,0.5724657773971558,-0.047541115432977676
23,1,17,0.5475505590438843,0.6483697891235352,-0.041269294917583466
23,1,18,0.5233420729637146,0.6228396892547607,-0.04436018317937851
23,1,19,0.511204719543457,0.6070627570152283,-0.0433812290430069
23,1,20,0.5024476051330566,0.5942670106887817,-0.043838195502758026
24,0,0,0.4066815972328186,0.5425536036491394,-6.043562178481565e-11
24,0,1,0.4225156307220459,0.5028235912322998,-0.0010669900802895427
24,0,2,0.44799190759658813,0.47500932216644287,-0.006080482620745897
24,0,3,0.46330589056015015,0.4525660276412964,-0.011899447068572044
24,0,4,0.4650695323944092,0.4292297065258026,-0.018414566293358803
24,0,5,0.4880712926387787,0.4886798858642578,-0.01581387408077717
24,0,6,0.5266013145446777,0.48149484395980835,-0.024641092866659164
24,0,7,0.5515991449356079,0.4779689610004425,-0.030739037320017815
24,0,8,0.572842001914978,0.4756622016429901,-0.035133641213178635
24,0,9,0.4915682077407837,0.5107492208480835,-0.02017776109278202
24,0,10,0.5297431945800781,0.5083211660385132,-0.02674640156328678
24,0,11,0.5552202463150024,0.5076068043708801,-0.030068205669522285
24,0,12,0.5770917534828186,0.5080229043960571,-0.03357163444161415
24,0,13,0.4885514974594116,0.5328493118286133,-0.023548146709799767
24,0,14,0.5217991471290588,0.5331189632415771,-0.026319095864892006
24,0,15,0.5453148484230042,0.5324469804763794,-0.026427878066897392
24,0,16,0.5654373168945312,0.5317145586013794,-0.02777957357466221
24,0,17,0.48146864771842957,0.5538129210472107,-0.02798685058951378
24,0,18,0.5061929225921631,0.5588181018829346,-0.0275485347956419
24,0,19,0.5229207277297974,0.5611786246299744,-0.02605780027806759
24,0,20,0.5386900305747986,0.5625937581062317,-0.02623327635228634
24,1,0,0.6080232858657837,0.6784664988517761,3.928401604014198e-09
24,1,1,0.6222044825553894,0.6432613134384155,-0.004921085201203823
24,1,2,0.6287160515785217,0.6060713529586792,-0.016381802037358284
24,1,3,0.6375060081481934,0.5796512961387634,-0.026074353605508804
24,1,4,0.6530435681343079,0.5675381422042847,-0.03605049103498459
24,1,5,0.5988664031028748,0.609035074710846,-0.043045610189437866
24,1,6,0.5655494332313538,0.5776252746582031,-0.057158201932907104
24,1,7,0.5449779033660889,0.5606387257575989,-0.062179747968912125
24,1,8,0.5276241898536682,0.5489873290061951,-0.06504553556442261
24,1,9,0.5764839053153992,0.6260287165641785,-0.04544191062450409
24,1,10,0.5383045077323914,0.5894268155097961,-0.059046436101198196
24,1,11,0.515811026096344,0.567162036895752,-0.06119629368185997
24,1,12,0.49942195415496826,0.5511349439620972,-0.06327822059392929
24,1,13,0.5577589869499207,0.6417789459228516,-0.045287348330020905
24,1,14,0.5240410566329956,0.6054198145866394,-0.05454034358263016
24,1,15,0.5053004622459412,0.58262699842453,-0.05449659377336502
24,1,16,0.4931487739086151,0.5651759505271912,-0.05468755215406418
24,1,17,0.5437378287315369,0.6542229652404785,-0.0450427271425724
24,1,18,0.518684446811676,0.6245086789131165,-0.05024360120296478
24,1,19,0.5053358674049377,0.6063728332519531,-0.05029827728867531
24,1,20,0.49593842029571533,0.5910522937774658,-0.05135944485664368
25,0,0,0.43647679686546326,0.5468025803565979,1.1457259585512247e-09
25,0,1,0.4322311282157898,0.5006498694419861,0.011703244410455227
25,0,2,0.4445981979370117,0.4657028317451477,0.019424475729465485
25,0,3,0.4511050581932068,0.44064998626708984,0.02593204379081726
25,0,4,0.4445303976535797,0.4200345575809479,0.032986026257276535
25,0,5,0.4954819679260254,0.4690523147583008,0.014060163870453835
25,0,6,0.5311691164970398,0.45112234354019165,0.021251831203699112
25,0,7,0.5514967441558838,0.44236937165260315,0.027275076135993004
25,0,8,0.5680413246154785,0.4372110366821289,0.03187263011932373
25,0,9,0.5095728635787964,0.4913225769996643,0.013048797845840454
25,0,10,0.5459860563278198,0.4748207926750183,0.022329406812787056
25,0,11,0.5665102601051331,0.4663102328777313,0.03058057837188244
25,0,12,0.5824288725852966,0.4611077308654785,0.0365426279604435
25,0,13,0.5168237686157227,0.5128077864646912,0.013543011620640755
25,0,14,0.5495154857635498,0.4974798858165741,0.023115083575248718
25,0,15,0.5671558380126953,0.4872570335865021,0.03225679695606232
25,0,16,0.5795632004737854,0.47896140813827515,0.03887326642870903
25,0,17,0.5190488696098328,0.5315276384353638,0.01390583161264658
25,0,18,0.5444397926330566,0.5182471871376038,0.024076467379927635
25,0,19,0.556452214717865,0.5100603699684143,0.03208186477422714
25,0,20,0.5651596784591675,0.502872884273529,0.03809189051389694
25,1,0,0.601660430431366,0.6829847097396851,3.927620007004862e-09
25,1,1,0.6173818111419678,0.6484451293945312,-0.007513504941016436
25,1,2,0.6253864765167236,0.6123772859573364,-0.01994996704161167
25,1,3,0.6337882280349731,0.586875855922699,-0.029878556728363037
25,1,4,0.6468223333358765,0.5760355591773987,-0.03976292535662651
25,1,5,0.5958972573280334,0.6162728071212769,-0.04692550376057625
25,1,6,0.5633538961410522,0.5842689275741577,-0.061617277562618256
25,1,7,0.5432214736938477,0.5662585496902466,-0.06686249375343323
25,1,8,0.526010274887085,0.553234875202179,-0.06971623003482819
25,1,9,0.5717178583145142,0.6321621537208557,-0.047424741089344025
25,1,10,0.5340521931648254,0.5946584939956665,-0.061442967504262924
25,1,11,0.5126093029975891,0.5711715817451477,-0.06341587752103806
25,1,12,0.4973382353782654,0.5539432764053345,-0.06533904373645782
25,1,13,0.5514751672744751,0.6462505459785461,-0.04532386362552643
25,1,14,0.517957329750061,0.6096102595329285,-0.054140761494636536
25,1,15,0.5007616877555847,0.5866878628730774,-0.05325097590684891
25,1,16,0.49074551463127136,0.5692156553268433,-0.05289395526051521
25,1,17,0.5366441011428833,0.6566208600997925,-0.04337216168642044
25,1,18,0.5121419429779053,0.6260036826133728,-0.047687843441963196
25,1,19,0.5003722310066223,0.6069144606590271,-0.047043778002262115
25,1,20,0.49316850304603577,0.5908174514770508,-0.0476079136133194
26,0,0,0.4518090486526489,0.5456939339637756,3.217739186212043e-09
26,0,1,0.4392366409301758,0.5051360726356506,0.0012808069586753845
26,0,2,0.44203275442123413,0.4684096872806549,0.0010696254903450608
26,0,3,0.44357627630233765,0.4409036338329315,0.0010095759062096477
26,0,4,0.4339045286178589,0.4240099787712097,0.0010210875188931823
26,0,5,0.4885428845882416,0.46157482266426086,-0.007470043376088142
26,0,6,0.5202398300170898,0.43323877453804016,-0.008227803744375706
26,0,7,0.5391458868980408,0.417934775352478,-0.006489358376711607
26,0,8,0.5558037757873535,0.407348096370697,-0.0047066109254956245
26,0,9,0.5079662203788757,0.47927024960517883,-0.007450624834746122
26,0,10,0.5400385856628418,0.4483533203601837,-0.0060778167098760605
26,0,11,0.557845950126648,0.43197476863861084,-0.0010684054577723145
26,0,12,0.5729724168777466,0.420758992433548,0.0023517906665802
26,0,13,0.521746814250946,0.49826544523239136,-0.006164100021123886
26,0,14,0.550069272518158,0.46767130494117737,-0.003944469150155783
26,0,15,0.56156986951828,0.45216289162635803,0.002368384739384055
26,0,16,0.5688349008560181,0.44230926036834717,0.007141031790524721
26,0,17,0.5302714109420776,0.5166614651679993,-0.005641595460474491
26,0,18,0.5506654977798462,0.4909746050834656,-0.0008415949996560812
26,0,19,0.5539109110832214,0.4791109263896942,0.005242626648396254
26,0,20,0.553490400314331,0.4717850089073181,0.009786727838218212
26,1,0,0.5953167676925659,0.6880841255187988,4.287852739537357e-09
26,1,1,0.6107434034347534,0.6543537974357605,-0.007732331287115812
26,1,2,0.6195957660675049,0.6191391944885254,-0.02097739465534687
26,1,3,0.6292635202407837,0.5935301780700684,-0.03167449310421944
26,1,4,0.6432938575744629,0.5817654132843018,-0.04226057976484299
26,1,5,0.590682327747345,0.6220401525497437,-0.04785696417093277
26,1,6,0.558874249458313,0.589747965335846,-0.06282871961593628
26,1,7,0.539392352104187,0.5712428689002991,-0.06829772144556046
26,1,8,0.5225789546966553,0.5580838322639465,-0.07129890471696854
26,1,9,0.5665373802185059,0.6372989416122437,-0.04831444472074509
26,1,10,0.5296983122825623,0.5990109443664551,-0.06270839273929596
26,1,11,0.5083731412887573,0.5749896764755249,-0.06487129628658295
26,1,12,0.49280229210853577,0.5575481057167053,-0.06687796860933304
26,1,13,0.5460275411605835,0.6507375240325928,-0.04610482603311539
26,1,14,0.5139172673225403,0.6129757165908813,-0.054779767990112305
26,1,15,0.49757179617881775,0.58976811170578,-0.053572215139865875
26,1,16,0.4878275990486145,0.57264643907547,-0.05304814875125885
26,1,17,0.530722975730896,0.6605250835418701,-0.04405130073428154
26,1,18,0.5075149536132812,0.6288405060768127,-0.0480334646999836
26,1,19,0.4961789846420288,0.6097745895385742,-0.04705123230814934
26,1,20,0.4889008104801178,0.5940577983856201,-0.04743930324912071
27,0,0,0.4633661210536957,0.548812747001648,2.96880631189822e-09
27,0,1,0.44451621174812317,0.5135096907615662,-0.0031514600850641727
27,0,2,0.4396320581436157,0.47686314582824707,-0.005824625957757235
27,0,3,0.4347837567329407,0.4484274089336395,-0.007744687609374523
27,0,4,0.42280352115631104,0.43255648016929626,-0.009862519800662994
27,0,5,0.48443493247032166,0.4614745080471039,-0.012692003510892391
27,0,6,0.5095279812812805,0.42892658710479736,-0.01579481177031994
27,0,7,0.5265929102897644,0.4109632074832916,-0.016457783058285713
27,0,8,0.541466474533081,0.3975609242916107,-0.01634490303695202
27,0,9,0.5059463977813721,0.4739159047603607,-0.01146169938147068
27,0,10,0.531909704208374,0.4378328323364258,-0.011685479432344437
27,0,11,0.5474774241447449,0.4183609187602997,-0.009876271709799767
27,0,12,0.5601411461830139,0.4036877453327179,-0.009307803586125374
27,0,13,0.5232598781585693,0.48864099383354187,-0.009216755628585815
27,0,14,0.5444350242614746,0.45307132601737976,-0.007866215892136097
27,0,15,0.5567256212234497,0.43439918756484985,-0.005737125873565674
27,0,16,0.5647860169410706,0.4215563237667084,-0.004648247733712196
27,0,17,0.5357388854026794,0.5038486123085022,-0.008065668866038322
27,0,18,0.5494375228881836,0.47435253858566284,-0.0048591457307338715
27,0,19,0.5543844699859619,0.4585303068161011,-0.0023725624196231365
27,0,20,0.5569491982460022,0.4468497335910797,-0.0010153891053050756
27,1,0,0.5849958658218384,0.6896601915359497,3.7722962531461235e-09
27,1,1,0.6023944020271301,0.6581413745880127,-0.012175503186881542
27,1,2,0.6116568446159363,0.6243350505828857,-0.02789420820772648
27,1,3,0.6219070553779602,0.6000819802284241,-0.04012872278690338
27,1,4,0.6370491981506348,0.5892454385757446,-0.05241326615214348
27,1,5,0.5827423930168152,0.6273954510688782,-0.05636907368898392
27,1,6,0.5512645244598389,0.5962731242179871,-0.07407327741384506
27,1,7,0.5322521924972534,0.5769179463386536,-0.08132081478834152
27,1,8,0.515739381313324,0.5627254247665405,-0.08534838259220123
27,1,9,0.5570850968360901,0.6415782570838928,-0.055051106959581375
27,1,10,0.5213187336921692,0.60383540391922,-0.07218693941831589
27,1,11,0.5015454292297363,0.5793062448501587,-0.07578300684690475
27,1,12,0.48781904578208923,0.5610758662223816,-0.07874754071235657
27,1,13,0.5359527468681335,0.6535723805427551,-0.05105920135974884
27,1,14,0.5050690770149231,0.616329550743103,-0.06193070113658905
27,1,15,0.4903528690338135,0.5923702120780945,-0.06216033548116684
27,1,16,0.4827773869037628,0.5747188925743103,-0.062489911913871765
27,1,17,0.520959734916687,0.6616068482398987,-0.04747874289751053
27,1,18,0.4995596408843994,0.6297313570976257,-0.05289606750011444
27,1,19,0.4894280731678009,0.6099683046340942,-0.0530746728181839
27,1,20,0.4838956594467163,0.5939038991928101,-0.05431303754448891
28,0,0,0.4857119023799896,0.5765866637229919,3.888436239662951e-09
28,0,1,0.46322041749954224,0.544437050819397,-0.011477204971015453
28,0,2,0.45090171694755554,0.5065538287162781,-0.020669886842370033
28,0,3,0.4387843608856201,0.4788927137851715,-0.028515879064798355
28,0,4,0.4222862124443054,0.46572792530059814,-0.037314530462026596
28,0,5,0.4872552752494812,0.49598753452301025,-0.030631976202130318
28,0,6,0.506989598274231,0.45920950174331665,-0.04394020140171051
28,0,7,0.5202738046646118,0.43742498755455017,-0.05132778733968735
28,0,8,0.5318224430084229,0.4197431802749634,-0.05586988478899002
28,0,9,0.5093371868133545,0.5039313435554504,-0.0306534543633461
28,0,10,0.5281496047973633,0.46203798055648804,-0.04180746525526047
28,0,11,0.5395498871803284,0.43529731035232544,-0.0476195365190506
28,0,12,0.5492706894874573,0.4126124083995819,-0.05288499593734741
28,0,13,0.528876781463623,0.5137060284614563,-0.030231930315494537
28,0,14,0.542263388633728,0.472520112991333,-0.03856053575873375
28,0,15,0.5504862070083618,0.44629108905792236,-0.04389592260122299
28,0,16,0.5567638278007507,0.4255337417125702,-0.04816649481654167
28,0,17,0.5446505546569824,0.524864912033081,-0.03143174201250076
28,0,18,0.5539500117301941,0.4891952872276306,-0.03681014105677605
28,0,19,0.5583325624465942,0.4666217863559723,-0.040641531348228455
28,0,20,0.5614160895347595,0.4476484954357147,-0.04447859525680542
28,1,0,0.5653438568115234,0.686244547367096,2.975097057600351e-09
28,1,1,0.5795651078224182,0.6526759266853333,-0.010518212802708149
28,1,2,0.5879963040351868,0.6189601421356201,-0.024820607155561447
28,1,3,0.6007672548294067,0.5965299010276794,-0.035774149000644684
28,1,4,0.6175012588500977,0.5895048975944519,-0.046610504388809204
28,1,5,0.5565630197525024,0.6231980323791504,-0.05238496512174606
28,1,6,0.5249902606010437,0.5948310494422913,-0.06813327968120575
28,1,7,0.506507396697998,0.5761309862136841,-0.07498324662446976
28,1,8,0.49042975902557373,0.5626009106636047,-0.07865571975708008
28,1,9,0.5327050089836121,0.6386433243751526,-0.05031851679086685
28,1,10,0.49741578102111816,0.6030586361885071,-0.06488128751516342
28,1,11,0.4790436625480652,0.5795603394508362,-0.06699506938457489
28,1,12,0.4670402705669403,0.5627160668373108,-0.06879603862762451
28,1,13,0.5136851072311401,0.6519666314125061,-0.04541520029306412
28,1,14,0.483723521232605,0.6170094013214111,-0.0517660528421402
28,1,15,0.4725935459136963,0.5965991616249084,-0.047912005335092545
28,1,16,0.4680037200450897,0.5826981067657471,-0.045918162912130356
28,1,17,0.5013824701309204,0.6619161367416382,-0.041315507143735886
28,1,18,0.4800339639186859,0.6318031549453735,-0.04196566715836525
28,1,19,0.47325214743614197,0.6161379814147949,-0.03837445005774498
28,1,20,0.47099536657333374,0.6050680875778198,-0.03708149120211601
29,0,0,0.49578654766082764,0.5848428606987,1.0539229489126e-09
29,0,1,0.47270065546035767,0.5602215528488159,-0.015449874103069305
29,0,2,0.45948922634124756,0.529551088809967,-0.02548348158597946
29,0,3,0.4469659626483917,0.5052010416984558,-0.03330058231949806
29,0,4,0.43144384026527405,0.4909014105796814,-0.04174426570534706
29,0,5,0.49940571188926697,0.5187973380088806,-0.03187622129917145
29,0,6,0.5177072286605835,0.4896787106990814,-0.043158791959285736
29,0,7,0.5275272130966187,0.47270283102989197,-0.048448044806718826
29,0,8,0.5360240936279297,0.4591052830219269,-0.05140767619013786
29,0,9,0.5211805105209351,0.5249230265617371,-0.02954583242535591
29,0,10,0.5397791266441345,0.49285268783569336,-0.03940441831946373
29,0,11,0.5481176376342773,0.4739333391189575,-0.04353667050600052
29,0,12,0.5554518103599548,0.45780307054519653,-0.04721398279070854
29,0,13,0.5388572216033936,0.5325696468353271,-0.027127079665660858
29,0,14,0.5544474124908447,0.5000529289245605,-0.03505808115005493
29,0,15,0.5616850852966309,0.47993528842926025,-0.0385746993124485
29,0,16,0.5681196451187134,0.46377256512641907,-0.041221972554922104
29,0,17,0.5521471500396729,0.5415403842926025,-0.026561198756098747
29,0,18,0.564462423324585,0.5121678113937378,-0.03188455477356911
29,0,19,0.5703513622283936,0.4937693774700165,-0.03495989367365837
29,0,20,0.5755859613418579,0.47836723923683167,-0.03780320659279823
29,1,0,0.5517464876174927,0.6771278977394104,2.102772178602663e-09
29,1,1,0.5674258470535278,0.6438531875610352,-0.011316072195768356
29,1,2,0.5750595331192017,0.6088500618934631,-0.025316577404737473
29,1,3,0.5857044458389282,0.5859307050704956,-0.035978224128484726
29,1,4,0.601010799407959,0.5794187188148499,-0.047138940542936325
29,1,5,0.5442704558372498,0.6115989089012146,-0.05383623018860817
29,1,6,0.5115069150924683,0.5846962928771973,-0.07135110348463058
29,1,7,0.49087345600128174,0.5661314725875854,-0.08002015948295593
29,1,8,0.4729875922203064,0.5526149868965149,-0.0851396918296814
29,1,9,0.519781768321991,0.626971423625946,-0.052406247705221176
29,1,10,0.48356643319129944,0.5941504836082458,-0.06870002299547195
29,1,11,0.46288126707077026,0.5706561803817749,-0.07364752143621445
29,1,12,0.448225200176239,0.5523179173469543,-0.07777895033359528
29,1,13,0.5006279945373535,0.6399618983268738,-0.0482838973402977
29,1,14,0.4688854217529297,0.6064867377281189,-0.05787058174610138
29,1,15,0.45324549078941345,0.5834522843360901,-0.059082482010126114
29,1,16,0.44475406408309937,0.5657995939254761,-0.06061647832393646
29,1,17,0.48834067583084106,0.6491292119026184,-0.044706713408231735
29,1,18,0.46522724628448486,0.6215267181396484,-0.04900137707591057
29,1,19,0.4531491994857788,0.6040064096450806,-0.04958711937069893
29,1,20,0.44594892859458923,0.5894731283187866,-0.051437776535749435
30,0,0,0.4822213649749756,0.5925310254096985,1.1424654555725056e-09
30,0,1,0.4784327745437622,0.5684195756912231,-0.005618754308670759
30,0,2,0.48075103759765625,0.5413748025894165,-0.01613658107817173
30,0,3,0.481336772441864,0.5222192406654358,-0.025014324113726616
30,0,4,0.48171019554138184,0.5084599256515503,-0.03557975962758064
30,0,5,0.5065808296203613,0.5457314252853394,-0.04856318607926369
30,0,6,0.5271206498146057,0.5229547023773193,-0.06681014597415924
30,0,7,0.5431443452835083,0.5090641379356384,-0.07531614601612091
30,0,8,0.5578702688217163,0.4967799186706543,-0.08145393431186676
30,0,9,0.5115787386894226,0.5553364753723145,-0.05343649908900261
30,0,10,0.534203290939331,0.5320515632629395,-0.07320833206176758
30,0,11,0.5509260296821594,0.5166845917701721,-0.07913657277822495
30,0,12,0.5662902593612671,0.5000005960464478,-0.08499500155448914
30,0,13,0.5108529925346375,0.5665653347969055,-0.055715590715408325
30,0,14,0.527886152267456,0.545717179775238,-0.07169421762228012
30,0,15,0.5427542328834534,0.527671217918396,-0.07578790187835693
30,0,16,0.5574623346328735,0.5092884302139282,-0.07979393750429153
30,0,17,0.5042716860771179,0.5780956149101257,-0.0579441636800766
30,0,18,0.5132485628128052,0.5630982518196106,-0.07069961726665497
30,0,19,0.523775041103363,0.5498683452606201,-0.07542837411165237
30,0,20,0.5350080728530884,0.5366063714027405,-0.080092653632164
30,1,0,0.5473426580429077,0.6752288937568665,1.8159914683124612e-09
30,1,1,0.5642336010932922,0.6428037285804749,-0.01642322726547718
30,1,2,0.5735698938369751,0.6101586818695068,-0.03357778862118721
30,1,3,0.5836764574050903,0.5838145613670349,-0.04630346968770027
30,1,4,0.595811128616333,0.5689436793327332,-0.05861155688762665
30,1,5,0.5314937233924866,0.60430908203125,-0.0554426833987236
30,1,6,0.49627557396888733,0.5722501873970032,-0.0730522945523262
30,1,7,0.4759480059146881,0.5526222586631775,-0.08129613846540451
30,1,8,0.4591676592826843,0.5381708145141602,-0.08584682643413544
30,1,9,0.5079073905944824,0.6192294359207153,-0.05074634775519371
30,1,10,0.4708350598812103,0.5797962546348572,-0.06794460117816925
30,1,11,0.45066705346107483,0.5539624691009521,-0.07294167578220367
30,1,12,0.4359031617641449,0.533010721206665,-0.07616075873374939
30,1,13,0.4900584816932678,0.632149338722229,-0.04386616870760918
30,1,14,0.4579659104347229,0.5931072235107422,-0.054315757006406784
30,1,15,0.44147390127182007,0.5676223039627075,-0.05544602870941162
30,1,16,0.43234577775001526,0.5485025644302368,-0.05582878366112709
30,1,17,0.4790276885032654,0.6417555809020996,-0.03789980337023735
30,1,18,0.45896223187446594,0.6081199645996094,-0.04242125526070595
30,1,19,0.4479210376739502,0.5872780680656433,-0.042771466076374054
30,1,20,0.44088873267173767,0.5698366165161133,-0.04368405416607857
31,0,0,0.4857271611690521,0.5918877124786377,2.0228847485981305e-09
31,0,1,0.4767162799835205,0.5756862163543701,-0.014684965834021568
31,0,2,0.4756609797477722,0.5513191223144531,-0.028151655569672585
31,0,3,0.47456347942352295,0.5339469909667969,-0.03744878992438316
31,0,4,0.47449368238449097,0.5220414400100708,-0.04797932878136635
31,0,5,0.49416008591651917,0.5590407848358154,-0.05761422589421272
31,0,6,0.5103661417961121,0.5289859771728516,-0.07619239389896393
31,0,7,0.5225815773010254,0.5118880271911621,-0.08474832773208618
31,0,8,0.5329981446266174,0.4968998432159424,-0.09022246301174164
31,0,9,0.5060644745826721,0.5638185739517212,-0.054755620658397675
31,0,10,0.5253278017044067,0.5318739414215088,-0.07486556470394135
31,0,11,0.5383448600769043,0.5126609206199646,-0.0819980651140213
31,0,12,0.5491851568222046,0.4961358904838562,-0.0874868705868721
31,0,13,0.5158981084823608,0.5673404335975647,-0.049477797001600266
31,0,14,0.5323665738105774,0.5347210168838501,-0.06557922810316086
31,0,15,0.5435855984687805,0.5149238705635071,-0.0715775340795517
31,0,16,0.553122878074646,0.4994440972805023,-0.07558948546648026
31,0,17,0.5232744812965393,0.5693111419677734,-0.044103480875492096
31,0,18,0.5342910289764404,0.5430998802185059,-0.056147463619709015
31,0,19,0.5431872010231018,0.5257893204689026,-0.06224767863750458
31,0,20,0.5517768263816833,0.5121223330497742,-0.06729496270418167
31,1,0,0.5446027517318726,0.6786750555038452,4.450566137848e-09
31,1,1,0.5638805031776428,0.6474046111106873,-0.0158906988799572
31,1,2,0.571520209312439,0.615119457244873,-0.032330289483070374
31,1,3,0.5803397297859192,0.5925465226173401,-0.04452972486615181
31,1,4,0.5938867330551147,0.5832562446594238,-0.057215966284275055
31,1,5,0.5378869771957397,0.6170094013214111,-0.05988007038831711
31,1,6,0.5059071779251099,0.5917702317237854,-0.07906800508499146
31,1,7,0.4861425459384918,0.5729694366455078,-0.08847051858901978
31,1,8,0.4685971736907959,0.5582669973373413,-0.09409394860267639
31,1,9,0.512399435043335,0.6325986981391907,-0.05673055350780487
31,1,10,0.4775480628013611,0.5989072322845459,-0.07537577301263809
31,1,11,0.4579589068889618,0.5722100138664246,-0.08123356103897095
31,1,12,0.44325608015060425,0.5507421493530273,-0.08619602024555206
31,1,13,0.49269840121269226,0.6448395252227783,-0.05104927718639374
31,1,14,0.4630599915981293,0.6108796000480652,-0.0629829466342926
31,1,15,0.4499970078468323,0.5853915214538574,-0.06457099318504333
31,1,16,0.4423277974128723,0.565126895904541,-0.06618774682283401
31,1,17,0.4797239899635315,0.6528477072715759,-0.046263188123703
31,1,18,0.4586540460586548,0.6241363883018494,-0.0525333397090435
31,1,19,0.44920074939727783,0.6055094599723816,-0.053660277277231216
31,1,20,0.443611741065979,0.590527355670929,-0.055765554308891296
32,0,0,0.4973888099193573,0.5910314917564392,8.411118329609835e-11
32,0,1,0.4807494282722473,0.5773096084594727,-0.022523196414113045
32,0,2,0.47014865279197693,0.5585620999336243,-0.039285752922296524
32,0,3,0.46384716033935547,0.5427049398422241,-0.0507061742246151
32,0,4,0.4577993154525757,0.5274115800857544,-0.06309381127357483
32,0,5,0.4898291230201721,0.5587034225463867,-0.06023783981800079
32,0,6,0.501862645149231,0.5310742259025574,-0.07911213487386703
32,0,7,0.5128566026687622,0.5133366584777832,-0.0899258404970169
32,0,8,0.5238641500473022,0.4978131949901581,-0.09741378575563431
32,0,9,0.5094149708747864,0.5646874308586121,-0.053788408637046814
32,0,10,0.5258285999298096,0.535723865032196,-0.07379073649644852
32,0,11,0.5383556485176086,0.5157648324966431,-0.08424112945795059
32,0,12,0.5484798550605774,0.49970003962516785,-0.09259399026632309
32,0,13,0.5269123911857605,0.569505512714386,-0.04556655511260033
32,0,14,0.540773868560791,0.5417125225067139,-0.062061674892902374
32,0,15,0.5508691668510437,0.5222233533859253,-0.07141333073377609
32,0,16,0.5585786700248718,0.5062610507011414,-0.07814327627420425
32,0,17,0.5406543612480164,0.5734775066375732,-0.037818580865859985
32,0,18,0.5503026247024536,0.5489625930786133,-0.05109516531229019
32,0,19,0.5579402446746826,0.5322319269180298,-0.059349626302719116
32,0,20,0.5640283823013306,0.5190696716308594,-0.06612721085548401
32,1,0,0.5474941730499268,0.6828989386558533,2.7242730293863815e-09
32,1,1,0.5635461211204529,0.6510880589485168,-0.014243868179619312
32,1,2,0.570381224155426,0.6179940104484558,-0.030780799686908722
32,1,3,0.5803650617599487,0.5937469005584717,-0.04339361563324928
32,1,4,0.5960012674331665,0.5834951400756836,-0.05595816671848297
32,1,5,0.5347890257835388,0.6175388693809509,-0.05728955566883087
32,1,6,0.5005760192871094,0.590370774269104,-0.07596337050199509
32,1,7,0.48056966066360474,0.5726683139801025,-0.08438704907894135
32,1,8,0.4642152190208435,0.5600422620773315,-0.08897996693849564
32,1,9,0.5106377005577087,0.6337303519248962,-0.05454974249005318
32,1,10,0.47420063614845276,0.5969070792198181,-0.07224532216787338
32,1,11,0.45376265048980713,0.5705667734146118,-0.07714348286390305
32,1,12,0.4394664466381073,0.549825131893158,-0.08087876439094543
32,1,13,0.4919457733631134,0.6468318700790405,-0.04936399683356285
32,1,14,0.46121951937675476,0.6098929643630981,-0.05997351184487343
32,1,15,0.44644761085510254,0.5836060047149658,-0.0608883835375309
32,1,16,0.43838855624198914,0.5635135769844055,-0.06166539341211319
32,1,17,0.48007866740226746,0.6556577086448669,-0.0449749194085598
32,1,18,0.4590687155723572,0.6237898468971252,-0.04969887062907219
32,1,19,0.45039328932762146,0.6043831706047058,-0.04983196780085564
32,1,20,0.4461016356945038,0.5890278816223145,-0.05100784823298454
33,0,0,0.5004479289054871,0.6028145551681519,-1.2891422651595263e-10
33,0,1,0.48755210638046265,0.5858072638511658,-0.01596055179834366
33,0,2,0.48041340708732605,0.5616533160209656,-0.030840786173939705
33,0,3,0.47709667682647705,0.5421637296676636,-0.04096284136176109
33,0,4,0.47430315613746643,0.5259271264076233,-0.05175631865859032
33,0,5,0.49468767642974854,0.5656812191009521,-0.061758581548929214
33,0,6,0.5088422894477844,0.5339155197143555,-0.08009982854127884
33,0,7,0.5210462212562561,0.5150799751281738,-0.0875658243894577
33,0,8,0.5321064591407776,0.4998071491718292,-0.09242378175258636
33,0,9,0.5127155184745789,0.5727661848068237,-0.058149006217718124
33,0,10,0.5325597524642944,0.5397334694862366,-0.07799388468265533
33,0,11,0.5457448363304138,0.5181503295898438,-0.08396756649017334
33,0,12,0.5557994842529297,0.5016528367996216,-0.08885672688484192
33,0,13,0.5285899043083191,0.5781627297401428,-0.051859088242053986
33,0,14,0.5464876890182495,0.5459811091423035,-0.06792943924665451
33,0,15,0.5564554333686829,0.5236508846282959,-0.07276099175214767
33,0,16,0.5634133219718933,0.5063045024871826,-0.07603561878204346
33,0,17,0.5406414866447449,0.5826639533042908,-0.0454682894051075
33,0,18,0.5521588921546936,0.5550214052200317,-0.05793141573667526
33,0,19,0.5581562519073486,0.5356057286262512,-0.0632866621017456
33,0,20,0.562506914138794,0.5211284160614014,-0.06765234470367432
33,1,0,0.5500519871711731,0.6856749057769775,2.3800579285193635e-09
33,1,1,0.5660969614982605,0.6535643935203552,-0.013251688331365585
33,1,2,0.5718839168548584,0.6203195452690125,-0.027655666694045067
33,1,3,0.581750214099884,0.5954446792602539,-0.03842039778828621
33,1,4,0.5967387557029724,0.5847131013870239,-0.04913243651390076
33,1,5,0.5338587760925293,0.6184554696083069,-0.05076737701892853
33,1,6,0.5010344982147217,0.5919113159179688,-0.06704363226890564
33,1,7,0.482161283493042,0.574458658695221,-0.07444071769714355
33,1,8,0.46720629930496216,0.5620604753494263,-0.07845212519168854
33,1,9,0.5105577111244202,0.6338939070701599,-0.0476839654147625
33,1,10,0.4759594798088074,0.5985301733016968,-0.06259623169898987
33,1,11,0.45689794421195984,0.5727551579475403,-0.0668974444270134
33,1,12,0.44316601753234863,0.5520375370979309,-0.07040352374315262
33,1,13,0.49270880222320557,0.6468536257743835,-0.04246171936392784
33,1,14,0.4635370373725891,0.6109610795974731,-0.05122433230280876
33,1,15,0.4493035674095154,0.5843443274497986,-0.052563995122909546
33,1,16,0.44145047664642334,0.5636948347091675,-0.05378127843141556
33,1,17,0.48168206214904785,0.6558899283409119,-0.038063112646341324
33,1,18,0.46196722984313965,0.6244534254074097,-0.04179643839597702
33,1,19,0.45308250188827515,0.60418701171875,-0.04233330115675926
33,1,20,0.4479002356529236,0.5875312089920044,-0.04380388557910919
34,0,0,0.49686485528945923,0.6004340052604675,-8.051966315925085e-10
34,0,1,0.497207373380661,0.582020103931427,-0.008867230266332626
34,0,2,0.5054217576980591,0.5601808428764343,-0.02163737453520298
34,0,3,0.5203273296356201,0.5435060262680054,-0.030313938856124878
34,0,4,0.5324810147285461,0.5293616056442261,-0.039203375577926636
34,0,5,0.5011489391326904,0.5686417818069458,-0.0579540990293026
34,0,6,0.5167242288589478,0.5366312861442566,-0.07379557937383652
34,0,7,0.5291382074356079,0.5166018009185791,-0.07860494405031204
34,0,8,0.5377443432807922,0.5014703869819641,-0.08180005103349686
34,0,9,0.5113797187805176,0.5775729417800903,-0.05705259367823601
34,0,10,0.5332931876182556,0.5453546047210693,-0.07505342364311218
34,0,11,0.5483207106590271,0.5221377015113831,-0.07853976637125015
34,0,12,0.5580602288246155,0.5044637322425842,-0.08158235996961594
34,0,13,0.5209286212921143,0.5833394527435303,-0.0525212436914444
34,0,14,0.5416151285171509,0.5512768626213074,-0.065972700715065
34,0,15,0.5536752343177795,0.5265551805496216,-0.06774544715881348
34,0,16,0.5610949993133545,0.5077211856842041,-0.06918354332447052
34,0,17,0.5284957885742188,0.5869044065475464,-0.047075189650058746
34,0,18,0.5436583757400513,0.5587441325187683,-0.057832591235637665
34,0,19,0.5524040460586548,0.5367039442062378,-0.061295896768569946
34,0,20,0.5582159161567688,0.5205157995223999,-0.06432625651359558
34,1,0,0.5463142395019531,0.6862216591835022,1.7628838389072143e-09
34,1,1,0.5649633407592773,0.6535986065864563,-0.014547922648489475
34,1,2,0.5724104642868042,0.6213576793670654,-0.031037915498018265
34,1,3,0.582664430141449,0.5971688032150269,-0.04368153214454651
34,1,4,0.5975741147994995,0.5857710838317871,-0.05609055235981941
34,1,5,0.5333806276321411,0.6186844706535339,-0.05493941530585289
34,1,6,0.500267744064331,0.5932378172874451,-0.07215341925621033
34,1,7,0.48064661026000977,0.5757654309272766,-0.08000866323709488
34,1,8,0.4649752974510193,0.5636734366416931,-0.08439372479915619
34,1,9,0.5083472728729248,0.6347237825393677,-0.05148818716406822
34,1,10,0.47404736280441284,0.5979225039482117,-0.06750275194644928
34,1,11,0.45505884289741516,0.5707642436027527,-0.07197673618793488
34,1,12,0.4413602948188782,0.5494295954704285,-0.07555356621742249
34,1,13,0.4891063868999481,0.6481665372848511,-0.04568924382328987
34,1,14,0.46031737327575684,0.609963059425354,-0.054807450622320175
34,1,15,0.4475727677345276,0.5837649703025818,-0.0552818663418293
34,1,16,0.44099655747413635,0.564031720161438,-0.055934492498636246
34,1,17,0.47717320919036865,0.657893717288971,-0.04077192768454552
34,1,18,0.45839959383010864,0.6240971088409424,-0.04427246004343033
34,1,19,0.4521040916442871,0.604332447052002,-0.043812111020088196
34,1,20,0.4495812952518463,0.5891317129135132,-0.04456488415598869
35,0,0,0.5041882395744324,0.5943270921707153,-9.44959110960042e-10
35,0,1,0.5025352239608765,0.5799139738082886,-0.011634779162704945
35,0,2,0.5076194405555725,0.5619857311248779,-0.02536315843462944
35,0,3,0.5168310403823853,0.5454572439193726,-0.03381003066897392
35,0,4,0.5249735116958618,0.5297776460647583,-0.04242389276623726
35,0,5,0.5078670978546143,0.5711123943328857,-0.0630573257803917
35,0,6,0.5188496112823486,0.5393197536468506,-0.08088897913694382
35,0,7,0.5287201404571533,0.5193526148796082,-0.08698008209466934
35,0,8,0.5361931920051575,0.5033966898918152,-0.09059955179691315
35,0,9,0.5151110291481018,0.57618248462677,-0.05990157648921013
35,0,10,0.5304998159408569,0.5424857139587402,-0.07956565916538239
35,0,11,0.5415890216827393,0.5212470889091492,-0.08260614424943924
35,0,12,0.5506513714790344,0.503976583480835,-0.08493324369192123
35,0,13,0.5231723189353943,0.5782619118690491,-0.05325668677687645
35,0,14,0.5368168354034424,0.5459903478622437,-0.06776892393827438
35,0,15,0.5463221073150635,0.5234311819076538,-0.06831446290016174
35,0,16,0.5544184446334839,0.5058804154396057,-0.06867606192827225
35,0,17,0.5303760766983032,0.5779992341995239,-0.045838721096515656
35,0,18,0.541885495185852,0.5514277219772339,-0.05721356347203255
35,0,19,0.5497841835021973,0.532126247882843,-0.06015145406126976
35,0,20,0.5573756098747253,0.5178672671318054,-0.06258641183376312
35,1,0,0.5454182028770447,0.6890609860420227,2.2354613715691585e-09
35,1,1,0.5636353492736816,0.6554467082023621,-0.01284306962043047
35,1,2,0.5704910159111023,0.6218357682228088,-0.027844954282045364
35,1,3,0.5813120603561401,0.5968418717384338,-0.039170365780591965
35,1,4,0.5970720648765564,0.5863386392593384,-0.05020148307085037
35,1,5,0.5317955017089844,0.621030867099762,-0.05262509733438492
35,1,6,0.4994671940803528,0.5945147275924683,-0.06972841173410416
35,1,7,0.4806506335735321,0.5764774084091187,-0.07742853462696075
35,1,8,0.4658013582229614,0.56381756067276,-0.08153197169303894
35,1,9,0.506673276424408,0.6358530521392822,-0.0495784766972065
35,1,10,0.47229865193367004,0.5985738635063171,-0.06543684005737305
35,1,11,0.4537113606929779,0.571160078048706,-0.06979390233755112
35,1,12,0.44046688079833984,0.5486310124397278,-0.07326436787843704
35,1,13,0.48734524846076965,0.647724449634552,-0.044198717921972275
35,1,14,0.459370493888855,0.6086956262588501,-0.05329616367816925
35,1,15,0.44651541113853455,0.5810536742210388,-0.053991250693798065
35,1,16,0.44024965167045593,0.5598264336585999,-0.054704636335372925
35,1,17,0.4756627678871155,0.6559041738510132,-0.03962000459432602
35,1,18,0.4593796133995056,0.6205496191978455,-0.042906057089567184
35,1,19,0.45342397689819336,0.5994992256164551,-0.04258627071976662
35,1,20,0.4511393904685974,0.5829738974571228,-0.04344179108738899
36,0,0,0.5476328730583191,0.6891688108444214,2.606200588672891e-09
36,0,1,0.5647243857383728,0.6559984087944031,-0.015556714497506618
36,0,2,0.570428192615509,0.6229519248008728,-0.03244177624583244
36,0,3,0.5791157484054565,0.5989484786987305,-0.04495805501937866
36,0,4,0.5923517942428589,0.5896899104118347,-0.05737457051873207
36,0,5,0.5329868793487549,0.6237525343894958,-0.06032899394631386
36,0,6,0.4988831877708435,0.5967836976051331,-0.08003547787666321
36,0,7,0.47937214374542236,0.5776864886283875,-0.08885239064693451
36,0,8,0.4639369547367096,0.56401526927948,-0.09350879490375519
36,0,9,0.507792055606842,0.6404184103012085,-0.05662532150745392
36,0,10,0.47149068117141724,0.6028002500534058,-0.07559321075677872
36,0,11,0.45249155163764954,0.5743165016174316,-0.0805654525756836
36,0,12,0.4393828511238098,0.5509243011474609,-0.08416438847780228
36,0,13,0.4888332784175873,0.6532098054885864,-0.050477609038352966
36,0,14,0.45856866240501404,0.6139446496963501,-0.06200742349028587
36,0,15,0.4448409676551819,0.5854178071022034,-0.06288153678178787
36,0,16,0.4385083019733429,0.5633819699287415,-0.06341174244880676
36,0,17,0.4773600101470947,0.6616427898406982,-0.0452481247484684
36,0,18,0.45849257707595825,0.626928985118866,-0.05046043545007706
36,0,19,0.45020100474357605,0.6051217317581177,-0.05077916756272316
36,0,20,0.4465409219264984,0.5875426530838013,-0.05193491280078888
37,0,0,0.4856669306755066,0.628505289554596,5.401795677428822e-10
37,0,1,0.46675416827201843,0.6000833511352539,-0.011089115403592587
37,0,2,0.4530300796031952,0.565011739730835,-0.024144375696778297
37,0,3,0.44152089953422546,0.5395602583885193,-0.03450077772140503
37,0,4,0.4255425035953522,0.5251381993293762,-0.045678142458200455
37,0,5,0.4797595143318176,0.5721880197525024,-0.05304840952157974
37,0,6,0.4996035099029541,0.5408362150192261,-0.07065950334072113
37,0,7,0.5147265195846558,0.5195875763893127,-0.07786774635314941
37,0,8,0.5281373858451843,0.5013477206230164,-0.08293463289737701
37,0,9,0.5028716921806335,0.5848573446273804,-0.054436057806015015
37,0,10,0.5239153504371643,0.5517958998680115,-0.07127287238836288
37,0,11,0.5391279458999634,0.5269022583961487,-0.0749766081571579
37,0,12,0.551793098449707,0.5051770210266113,-0.07951410114765167
37,0,13,0.5220000147819519,0.5983943343162537,-0.05350080505013466
37,0,14,0.540582537651062,0.5675385594367981,-0.06671769917011261
37,0,15,0.5548484921455383,0.5428356528282166,-0.06904982775449753
37,0,16,0.5665953159332275,0.5210847854614258,-0.07162817567586899
37,0,17,0.5378597974777222,0.6130033135414124,-0.05300578102469444
37,0,18,0.5536190867424011,0.5919880270957947,-0.06211334839463234
37,0,19,0.5662131905555725,0.5771036744117737,-0.06450670212507248
37,0,20,0.5771906971931458,0.5635889172554016,-0.067154161632061
37,1,0,0.5484344363212585,0.6922004222869873,2.195868598064976e-09
37,1,1,0.5650928616523743,0.6579074263572693,-0.011085457168519497
37,1,2,0.5702782869338989,0.6253606677055359,-0.024015141651034355
37,1,3,0.5789339542388916,0.600791335105896,-0.03380267694592476
37,1,4,0.592438817024231,0.5899449586868286,-0.04336157813668251
37,1,5,0.5291692018508911,0.6232094168663025,-0.04564370959997177
37,1,6,0.49438750743865967,0.5954333543777466,-0.06000208482146263
37,1,7,0.47529491782188416,0.577019989490509,-0.06635093688964844
37,1,8,0.4605591893196106,0.5639340281486511,-0.06958634406328201
37,1,9,0.5058436989784241,0.6393728852272034,-0.04263871908187866
37,1,10,0.47045770287513733,0.6025035381317139,-0.055237870663404465
37,1,11,0.45272547006607056,0.5763105750083923,-0.058175962418317795
37,1,12,0.44067686796188354,0.5555097460746765,-0.0605790913105011
37,1,13,0.48811590671539307,0.6523377895355225,-0.037535905838012695
37,1,14,0.45907363295555115,0.6139775514602661,-0.04415445774793625
37,1,15,0.4459931254386902,0.5875451564788818,-0.04435716196894646
37,1,16,0.4395882189273834,0.5674293041229248,-0.04476187005639076
37,1,17,0.47701480984687805,0.6615152359008789,-0.0332452692091465
37,1,18,0.45847153663635254,0.6272101402282715,-0.0351996049284935
37,1,19,0.4507908225059509,0.6065175533294678,-0.0347587876021862
37,1,20,0.4471423029899597,0.590169370174408,-0.03541014716029167
38,0,0,0.5444764494895935,0.6927246451377869,1.9895756153687216e-09
38,0,1,0.5629210472106934,0.6584771275520325,-0.014550202526152134
38,0,2,0.5699156522750854,0.6274608373641968,-0.030194349586963654
38,0,3,0.5780752897262573,0.6039236187934875,-0.04172089323401451
38,0,4,0.5892684459686279,0.5930629372596741,-0.05270582064986229
38,0,5,0.5276943445205688,0.6264380216598511,-0.053165826946496964
38,0,6,0.4945709705352783,0.5988990068435669,-0.06942837685346603
38,0,7,0.4757096767425537,0.5807903409004211,-0.07648690044879913
38,0,8,0.4612399935722351,0.5683019161224365,-0.08014021068811417
38,0,9,0.5031481981277466,0.6419388055801392,-0.048674341291189194
38,0,10,0.4691263437271118,0.6036043167114258,-0.06397993117570877
38,0,11,0.4513998031616211,0.5760959386825562,-0.06769180297851562
38,0,12,0.4389837086200714,0.5542629957199097,-0.07043112069368362
38,0,13,0.4847254455089569,0.6539825797080994,-0.0419071689248085
38,0,14,0.4567520022392273,0.6144352555274963,-0.05059639364480972
38,0,15,0.44451844692230225,0.5874423980712891,-0.05063765123486519
38,0,16,0.43873655796051025,0.5671610832214355,-0.050683408975601196
38,0,17,0.47373533248901367,0.6621451377868652,-0.0360385999083519
38,0,18,0.45601195096969604,0.6268203854560852,-0.039130665361881256
38,0,19,0.44924986362457275,0.6060147285461426,-0.03847546502947807
38,0,20,0.44642218947410583,0.5900070667266846,-0.03883519023656845
39,0,0,0.5465396046638489,0.6959556341171265,2.483208527692682e-09
39,0,1,0.5632243752479553,0.6613698601722717,-0.012052740901708603
39,0,2,0.5683497786521912,0.628682553768158,-0.025507567450404167
39,0,3,0.5764765739440918,0.6037077903747559,-0.03527313470840454
39,0,4,0.5897578597068787,0.5923821330070496,-0.04470501095056534
39,0,5,0.5281379818916321,0.6272382736206055,-0.048752039670944214
39,0,6,0.4934602677822113,0.5994532704353333,-0.06335608661174774
39,0,7,0.4739062786102295,0.5809789299964905,-0.06965382397174835
39,0,8,0.45913028717041016,0.5681394338607788,-0.0727493166923523
39,0,9,0.5043498277664185,0.643388032913208,-0.044601134955883026
39,0,10,0.46864667534828186,0.6064472794532776,-0.05742696672677994
39,0,11,0.4506545066833496,0.580276608467102,-0.06001358851790428
39,0,12,0.4387213885784149,0.5597184300422668,-0.06213606521487236
39,0,13,0.48628491163253784,0.655922532081604,-0.03813214972615242
39,0,14,0.45723167061805725,0.6179335713386536,-0.04449738562107086
39,0,15,0.4442150592803955,0.5916631817817688,-0.044152598828077316
39,0,16,0.43811190128326416,0.5721127986907959,-0.04420160874724388
39,0,17,0.47526460886001587,0.6644550561904907,-0.0324723981320858
39,0,18,0.4574335813522339,0.6302087306976318,-0.033918507397174835
39,0,19,0.4505186975002289,0.6097027659416199,-0.032952576875686646
39,0,20,0.4475982189178467,0.5937641859054565,-0.033244188874959946
40,0,0,0.5446857213973999,0.6952863335609436,2.284969324861663e-09
40,0,1,0.5620014667510986,0.6605469584465027,-0.01382475532591343
40,0,2,0.5679203271865845,0.6280497312545776,-0.028485724702477455
40,0,3,0.5762126445770264,0.6034469604492188,-0.03916386142373085
40,0,4,0.5884352326393127,0.5927060842514038,-0.0494222491979599
40,0,5,0.5257828831672668,0.6282489895820618,-0.05054904520511627
40,0,6,0.49217379093170166,0.6008476614952087,-0.06583059579133987
40,0,7,0.4732164740562439,0.5819380879402161,-0.0730927586555481
40,0,8,0.458210289478302,0.5681412816047668,-0.07691336423158646
40,0,9,0.5016798973083496,0.6439879536628723,-0.04566216468811035
40,0,10,0.4670902490615845,0.6072161793708801,-0.058882176876068115
40,0,11,0.44975391030311584,0.5806230902671814,-0.06247803941369057
40,0,12,0.43793344497680664,0.5598373413085938,-0.06544395536184311
40,0,13,0.48375511169433594,0.6562392711639404,-0.03848009929060936
40,0,14,0.4549899101257324,0.618480384349823,-0.04474366828799248
40,0,15,0.4428558349609375,0.5920352339744568,-0.04495549201965332
40,0,16,0.43734633922576904,0.5724745392799377,-0.04564435034990311
40,0,17,0.4731549918651581,0.6645909547805786,-0.03227417916059494
40,0,18,0.4558061957359314,0.6307231783866882,-0.03317537531256676
40,0,19,0.4502101540565491,0.6105237007141113,-0.032108571380376816
40,0,20,0.448467493057251,0.5950703024864197,-0.03254455700516701
41,0,0,0.543724775314331,0.6964049339294434,2.015795530496689e-09
41,0,1,0.5622034072875977,0.6608268022537231,-0.015374111011624336
41,0,2,0.5681279301643372,0.6288425326347351,-0.03172830119729042
41,0,3,0.5760505199432373,0.6047117114067078,-0.043516866862773895
41,0,4,0.5881280303001404,0.5937072038650513,-0.05473928153514862
41,0,5,0.5255799889564514,0.6289896965026855,-0.0570022277534008
41,0,6,0.49104049801826477,0.6024218797683716,-0.07406102120876312
41,0,7,0.4723343253135681,0.5836973786354065,-0.08145700395107269
41,0,8,0.4584343135356903,0.57033371925354,-0.08514197915792465
41,0,9,0.5012158155441284,0.6454285979270935,-0.051450375467538834
41,0,10,0.4649862051010132,0.608088493347168,-0.06762891262769699
41,0,11,0.4483005702495575,0.5799077749252319,-0.07099335640668869
41,0,12,0.43734246492385864,0.557373046875,-0.07324385643005371
41,0,13,0.4829029440879822,0.6580509543418884,-0.043346013873815536
41,0,14,0.4525749087333679,0.6191595196723938,-0.05189083516597748
41,0,15,0.44193339347839355,0.5916584134101868,-0.05080413445830345
41,0,16,0.43796664476394653,0.5711185336112976,-0.05001150444149971
41,0,17,0.47201070189476013,0.6666676998138428,-0.036210671067237854
41,0,18,0.453204870223999,0.631611704826355,-0.038483183830976486
41,0,19,0.4483754336833954,0.611085832118988,-0.0367913581430912
41,0,20,0.44758790731430054,0.5955303311347961,-0.036382660269737244
42,0,0,0.5475146174430847,0.7008193731307983,3.3014688760601985e-09
42,0,1,0.5636952519416809,0.6633649468421936,-0.011267519555985928
42,0,2,0.5677680373191833,0.6297221183776855,-0.025738097727298737
42,0,3,0.5757681131362915,0.6052108407020569,-0.036437053233385086
42,0,4,0.5876739025115967,0.5954218506813049,-0.046560026705265045
42,0,5,0.5262553691864014,0.6319488286972046,-0.05235274136066437
42,0,6,0.49138343334198,0.6047512292861938,-0.0684143602848053
42,0,7,0.4725275933742523,0.5858747959136963,-0.07519885897636414
42,0,8,0.4584904909133911,0.5718496441841125,-0.0783311054110527
42,0,9,0.5020183324813843,0.6490008234977722,-0.04834930598735809
42,0,10,0.4656122326850891,0.6111505031585693,-0.06286227703094482
42,0,11,0.4486640393733978,0.5840061902999878,-0.0649397075176239
42,0,12,0.43755435943603516,0.562035322189331,-0.06635427474975586
42,0,13,0.4837780296802521,0.6623053550720215,-0.041643187403678894
42,0,14,0.4537794888019562,0.6226595044136047,-0.04794685170054436
42,0,15,0.443928599357605,0.5966342091560364,-0.04490627348423004
42,0,16,0.44078031182289124,0.5778266191482544,-0.04304567351937294
42,0,17,0.4727485179901123,0.6716763973236084,-0.03582673519849777
42,0,18,0.45473578572273254,0.6359289884567261,-0.03594725579023361
42,0,19,0.4511295557022095,0.6160986423492432,-0.032615818083286285
42,0,20,0.45125535130500793,0.6016607880592346,-0.031195862218737602
43,0,0,0.5480083227157593,0.7071529626846313,3.1509750364477895e-09
43,0,1,0.5641674399375916,0.6707930564880371,-0.017192263156175613
43,0,2,0.5682291984558105,0.6380237936973572,-0.03306518867611885
43,0,3,0.5725372433662415,0.6128600239753723,-0.04398908466100693
43,0,4,0.5793043971061707,0.6019939184188843,-0.05417444184422493
43,0,5,0.5232909321784973,0.6390789747238159,-0.053589511662721634
43,0,6,0.4892561435699463,0.6115970611572266,-0.06886663287878036
43,0,7,0.4701698422431946,0.5926220417022705,-0.075678750872612
43,0,8,0.45519813895225525,0.5790100693702698,-0.07892926782369614
43,0,9,0.49985265731811523,0.6556623578071594,-0.04642356187105179
43,0,10,0.4642190635204315,0.6185716390609741,-0.06020692363381386
43,0,11,0.44736936688423157,0.5921198725700378,-0.06304819136857986
43,0,12,0.43546971678733826,0.5716602206230164,-0.06495524197816849
43,0,13,0.4830906391143799,0.668491005897522,-0.03710874170064926
43,0,14,0.4529104232788086,0.6302731037139893,-0.04409979283809662
43,0,15,0.4417083263397217,0.6038094162940979,-0.0432504303753376
43,0,16,0.43709805607795715,0.5847784280776978,-0.04258568212389946
43,0,17,0.47369372844696045,0.6772556900978088,-0.028994014486670494
43,0,18,0.4545052945613861,0.6427432894706726,-0.03000912070274353
43,0,19,0.44852322340011597,0.622477114200592,-0.028316836804151535
43,0,20,0.44663339853286743,0.6072499752044678,-0.02788032591342926
44,0,0,0.5513920783996582,0.7117387056350708,2.8977884536374177e-09
44,0,1,0.5661941170692444,0.6750199794769287,-0.015368704684078693
44,0,2,0.5697062611579895,0.6442693471908569,-0.02967466413974762
44,0,3,0.572127640247345,0.6207072138786316,-0.03934049978852272
44,0,4,0.5754885673522949,0.611602246761322,-0.04843158647418022
44,0,5,0.5213319063186646,0.6435789465904236,-0.04868694022297859
44,0,6,0.4850681722164154,0.6162211298942566,-0.06219002604484558
44,0,7,0.4649367928504944,0.5970234870910645,-0.06850011646747589
44,0,8,0.44893673062324524,0.5825537443161011,-0.07165667414665222
44,0,9,0.4997483491897583,0.6607128977775574,-0.04205254465341568
44,0,10,0.46356528997421265,0.624820351600647,-0.05374525859951973
44,0,11,0.44624754786491394,0.5991394519805908,-0.056335512548685074
44,0,12,0.4345187544822693,0.5794826149940491,-0.05826734006404877
44,0,13,0.48462289571762085,0.6747637987136841,-0.03325740620493889
44,0,14,0.4541274607181549,0.6384264230728149,-0.03904132544994354
44,0,15,0.4410134255886078,0.6126070618629456,-0.03907895088195801
44,0,16,0.43453648686408997,0.5934323668479919,-0.039201583713293076
44,0,17,0.476087749004364,0.6850190162658691,-0.02550886943936348
44,0,18,0.4559577703475952,0.6530468463897705,-0.02631365694105625
44,0,19,0.4489595293998718,0.6329007744789124,-0.025346243754029274
44,0,20,0.44617533683776855,0.6171208620071411,-0.025486016646027565
45,0,0,0.555838406085968,0.7181708812713623,3.256735103818187e-09
45,0,1,0.5685513019561768,0.6807661652565002,-0.0165462214499712
45,0,2,0.5707238912582397,0.6493358612060547,-0.03197818994522095
45,0,3,0.5724982619285583,0.6240275502204895,-0.04282336309552193
45,0,4,0.5781656503677368,0.6096842885017395,-0.05322159826755524
45,0,5,0.5229417681694031,0.6498143672943115,-0.05039369314908981
45,0,6,0.4856241047382355,0.622693657875061,-0.06497789919376373
45,0,7,0.46465277671813965,0.6037036180496216,-0.07194660604000092
45,0,8,0.44805386662483215,0.58927321434021,-0.0755799263715744
45,0,9,0.5019968748092651,0.6678166389465332,-0.04394188150763512
45,0,10,0.4635908305644989,0.632453978061676,-0.05696306377649307
45,0,11,0.4449855387210846,0.6069382429122925,-0.06055872514843941
45,0,12,0.4322499632835388,0.5870029926300049,-0.06315352022647858
45,0,13,0.48722293972969055,0.6828595995903015,-0.03545594960451126
45,0,14,0.45436590909957886,0.6479084491729736,-0.042327411472797394
45,0,15,0.4393708407878876,0.6219040155410767,-0.04354241490364075
45,0,16,0.43118688464164734,0.6020220518112183,-0.04447764903306961
45,0,17,0.47869816422462463,0.6938515305519104,-0.028037434443831444
45,0,18,0.4562028646469116,0.6635798215866089,-0.029790183529257774
45,0,19,0.44665879011154175,0.6430298089981079,-0.02983853965997696
45,0,20,0.4416211247444153,0.6260709166526794,-0.030796589329838753
46,0,0,0.5613498687744141,0.7282743453979492,4.313362556018774e-09
46,0,1,0.5728008151054382,0.6911506652832031,-0.016234630718827248
46,0,2,0.574120819568634,0.6593252420425415,-0.03077038936316967
46,0,3,0.5742508172988892,0.6336120963096619,-0.04080606624484062
46,0,4,0.5772718787193298,0.6194738745689392,-0.050344858318567276
46,0,5,0.5252835750579834,0.6587634682655334,-0.046394605189561844
46,0,6,0.48774197697639465,0.633475661277771,-0.05875224247574806
46,0,7,0.4657398760318756,0.6167575120925903,-0.06424078345298767
46,0,8,0.44770294427871704,0.604453980922699,-0.06718039512634277
46,0,9,0.5052188038825989,0.6781789064407349,-0.04014385864138603
46,0,10,0.46627265214920044,0.645954430103302,-0.0512363575398922
46,0,11,0.4451872706413269,0.6233938932418823,-0.05381593853235245
46,0,12,0.42866194248199463,0.6061806678771973,-0.055805519223213196
46,0,13,0.4913039207458496,0.6950538158416748,-0.03204917907714844
46,0,14,0.45752811431884766,0.6627795100212097,-0.0383920893073082
46,0,15,0.44142502546310425,0.6396831274032593,-0.03888966143131256
46,0,16,0.4300321638584137,0.6223477721214294,-0.039161115884780884
46,0,17,0.4831596612930298,0.7078900337219238,-0.024949083104729652
46,0,18,0.45703375339508057,0.6810526251792908,-0.026758020743727684
46,0,19,0.44620466232299805,0.6643450856208801,-0.026415038853883743
46,0,20,0.43849554657936096,0.6512385606765747,-0.02693784609436989
47,0,0,0.5662453174591064,0.7355924248695374,4.731430358617672e-09
47,0,1,0.5755954384803772,0.699536144733429,-0.017148202285170555
47,0,2,0.5751441121101379,0.6674536466598511,-0.031841177493333817
47,0,3,0.573847770690918,0.6399655342102051,-0.041956134140491486
47,0,4,0.5755245685577393,0.621833860874176,-0.05153422802686691
47,0,5,0.5280240774154663,0.6681702136993408,-0.04617186263203621
47,0,6,0.4890575110912323,0.6415430307388306,-0.058280956000089645
47,0,7,0.4668827950954437,0.6258109211921692,-0.06314791738986969
47,0,8,0.4490169882774353,0.614331841468811,-0.0658268928527832
47,0,9,0.5090240240097046,0.6880632638931274,-0.040061213076114655
47,0,10,0.4692462682723999,0.6560063362121582,-0.05109655112028122
47,0,11,0.4470449388027191,0.6351391673088074,-0.053714506328105927
47,0,12,0.4297594428062439,0.6195793747901917,-0.055739253759384155
47,0,13,0.49565577507019043,0.7062181234359741,-0.03233655169606209
47,0,14,0.4601105749607086,0.6753857135772705,-0.03935743868350983
47,0,15,0.4414806365966797,0.6544444561004639,-0.04050319269299507
47,0,16,0.4278526306152344,0.6389403939247131,-0.0411292165517807
47,0,17,0.4875633120536804,0.7207855582237244,-0.025591453537344933
47,0,18,0.45933979749679565,0.6973437070846558,-0.028579572215676308
47,0,19,0.4458058774471283,0.6825057864189148,-0.029005780816078186
47,0,20,0.43565699458122253,0.6705859303474426,-0.02990972436964512
48,0,0,0.5709350109100342,0.7657523155212402,6.964773646700451e-09
48,0,1,0.5809805393218994,0.7291157841682434,-0.016721773892641068
48,0,2,0.5786752104759216,0.6983182430267334,-0.02894202619791031
48,0,3,0.574811577796936,0.6721206903457642,-0.03698114678263664
48,0,4,0.5726869106292725,0.6518187522888184,-0.04418068006634712
48,0,5,0.523312509059906,0.7019326686859131,-0.037565965205430984
48,0,6,0.4853975474834442,0.6756889224052429,-0.046612873673439026
48,0,7,0.4651786684989929,0.6596257090568542,-0.04934985190629959
48,0,8,0.4485341012477875,0.647191047668457,-0.050198789685964584
48,0,9,0.5055058598518372,0.7222999930381775,-0.030463000759482384
48,0,10,0.465478777885437,0.6927998065948486,-0.03917219117283821
48,0,11,0.44421789050102234,0.6726032495498657,-0.03955290839076042
48,0,12,0.4285503327846527,0.6572526693344116,-0.03913942351937294
48,0,13,0.4940620958805084,0.7402397990226746,-0.022378934547305107
48,0,14,0.4566539227962494,0.7123732566833496,-0.0281336922198534
48,0,15,0.43724167346954346,0.6944413781166077,-0.02703951485455036
48,0,16,0.42393261194229126,0.6806460618972778,-0.02511562965810299
48,0,17,0.4884614944458008,0.7540451288223267,-0.015467763878405094
48,0,18,0.4574337899684906,0.733633816242218,-0.01714021898806095
48,0,19,0.44114187359809875,0.7201331257820129,-0.016186753287911415
48,0,20,0.43006253242492676,0.7087087035179138,-0.015387077815830708
49,0,0,0.5758090019226074,0.783596932888031,6.2247602627962806e-09
49,0,1,0.5803473591804504,0.7468408942222595,-0.018873685970902443
49,0,2,0.5740286707878113,0.7150962948799133,-0.03322969749569893
49,0,3,0.5678229331970215,0.6882842779159546,-0.042619653046131134
49,0,4,0.5643472075462341,0.6698370575904846,-0.05138649418950081
49,0,5,0.5228248238563538,0.7253901958465576,-0.04638933017849922
49,0,6,0.4850462079048157,0.7011541724205017,-0.05732501298189163
49,0,7,0.4630070626735687,0.6859722137451172,-0.061171725392341614
49,0,8,0.4454698860645294,0.6741945743560791,-0.06289876997470856
49,0,9,0.5051413178443909,0.7470682859420776,-0.0384623184800148
49,0,10,0.4648786783218384,0.7189347147941589,-0.048486705869436264
49,0,11,0.4419220983982086,0.6992266774177551,-0.04941166192293167
49,0,12,0.4249768853187561,0.6847243309020996,-0.049940962344408035
49,0,13,0.4944339990615845,0.7660912275314331,-0.02907746098935604
49,0,14,0.4550403952598572,0.7413488030433655,-0.034493714570999146
49,0,15,0.43607375025749207,0.7244240641593933,-0.03328675404191017
49,0,16,0.4230448305606842,0.7118169069290161,-0.03227689489722252
49,0,17,0.48952624201774597,0.7807233333587646,-0.02098764479160309
49,0,18,0.45629405975341797,0.7667859196662903,-0.022142333909869194
49,0,19,0.4377836585044861,0.7570719718933105,-0.021411700174212456
49,0,20,0.42384010553359985,0.7485764026641846,-0.021426847204566002
50,0,0,0.5778171420097351,0.801948070526123,4.1095362668386315e-09
50,0,1,0.5813475847244263,0.7647371888160706,-0.025890503078699112
50,0,2,0.5728092789649963,0.7351832985877991,-0.04396078363060951
50,0,3,0.5590075850486755,0.7098931074142456,-0.05529383569955826
50,0,4,0.5467318296432495,0.688167929649353,-0.0659208819270134
50,0,5,0.5194878578186035,0.7485391497612,-0.05714857205748558
50,0,6,0.4776378571987152,0.7291861176490784,-0.06851831823587418
50,0,7,0.4546622037887573,0.7154977917671204,-0.07156923413276672
50,0,8,0.43912655115127563,0.7042837738990784,-0.07298488169908524
50,0,9,0.5035350918769836,0.7723135352134705,-0.046156011521816254
50,0,10,0.45743054151535034,0.7521621584892273,-0.058085545897483826
50,0,11,0.4339870512485504,0.734921395778656,-0.05933356657624245
50,0,12,0.41911646723747253,0.7213379144668579,-0.05975387990474701
50,0,13,0.49457576870918274,0.7929827570915222,-0.033582448959350586
50,0,14,0.4516889154911041,0.7770340442657471,-0.04195485636591911
50,0,15,0.43018442392349243,0.7607152462005615,-0.04323431849479675
50,0,16,0.416632741689682,0.7476430535316467,-0.043409138917922974
50,0,17,0.4921067953109741,0.8089804649353027,-0.022233380004763603
50,0,18,0.45873576402664185,0.8018890023231506,-0.026603268459439278
50,0,19,0.4403403103351593,0.7937188148498535,-0.028082065284252167
50,0,20,0.4277927279472351,0.7857836484909058,-0.02919078804552555
51,0,0,0.5875133872032166,0.8261415958404541,7.242687782849089e-09
51,0,1,0.5864863991737366,0.7875856161117554,-0.024814600124955177
51,0,2,0.5713391304016113,0.7553915977478027,-0.0382499098777771
51,0,3,0.5543152689933777,0.729399561882019,-0.04605446383357048
51,0,4,0.5409132242202759,0.710671603679657,-0.05359915271401405
51,0,5,0.5177083015441895,0.7815810441970825,-0.03963116556406021
51,0,6,0.47862550616264343,0.7682350873947144,-0.047345638275146484
51,0,7,0.4558742344379425,0.7591497302055359,-0.050236884504556656
51,0,8,0.43799588084220886,0.7529871463775635,-0.05186803266406059
51,0,9,0.5060492753982544,0.8037858605384827,-0.029321683570742607
51,0,10,0.4633103013038635,0.7927479147911072,-0.03540155664086342
51,0,11,0.4388527572154999,0.7836270332336426,-0.03754634037613869
51,0,12,0.419353723526001,0.7779103517532349,-0.03963577374815941
51,0,13,0.5016064643859863,0.8229296207427979,-0.01893295720219612
51,0,14,0.4635887145996094,0.8160532712936401,-0.023807361721992493
51,0,15,0.4387490749359131,0.8094384670257568,-0.027956530451774597
51,0,16,0.41874009370803833,0.8055338263511658,-0.030908087268471718
51,0,17,0.5030189752578735,0.8386361002922058,-0.010218365117907524
51,0,18,0.4751254618167877,0.837376058101654,-0.012837420217692852
51,0,19,0.4562716484069824,0.8367493152618408,-0.01592053286731243
51,0,20,0.4410143494606018,0.8365347385406494,-0.018630104139447212
52,0,0,0.5865859389305115,0.8495715260505676,3.399817316562803e-09
52,0,1,0.5806864500045776,0.8119727969169617,-0.035116925835609436
52,0,2,0.5594431161880493,0.7812252044677734,-0.05358271300792694
52,0,3,0.5374608635902405,0.7586237192153931,-0.06348738819360733
52,0,4,0.5195300579071045,0.7402666211128235,-0.07288648933172226
52,0,5,0.5112366080284119,0.8149682283401489,-0.057350125163793564
52,0,6,0.46523207426071167,0.8066335320472717,-0.06945939362049103
52,0,7,0.4357110261917114,0.8001168966293335,-0.07597825676202774
52,0,8,0.4120316207408905,0.7958210706710815,-0.07980388402938843
52,0,9,0.5038154125213623,0.8400354385375977,-0.04007461294531822
52,0,10,0.45686081051826477,0.8314334750175476,-0.05165756121277809
52,0,11,0.42596274614334106,0.8213205933570862,-0.056989558041095734
52,0,12,0.40111202001571655,0.8132115602493286,-0.0607476606965065
52,0,13,0.5015685558319092,0.8589370250701904,-0.022277792915701866
52,0,14,0.459656298160553,0.8536993861198425,-0.03005087748169899
52,0,15,0.4301318824291229,0.8455119729042053,-0.035137854516506195
52,0,16,0.4078912138938904,0.8385717272758484,-0.03835907205939293
52,0,17,0.5030960440635681,0.8712152242660522,-0.006751442793756723
52,0,18,0.46854525804519653,0.86788409948349,-0.011458798311650753
52,0,19,0.44476044178009033,0.8634630441665649,-0.015922900289297104
52,0,20,0.42565155029296875,0.8585751056671143,-0.019499830901622772
