pose_world_0_x,pose_world_0_y,pose_world_0_z,pose_world_0_visibility,pose_world_1_x,pose_world_1_y,pose_world_1_z,pose_world_1_visibility,pose_world_2_x,pose_world_2_y,pose_world_2_z,pose_world_2_visibility,pose_world_3_x,pose_world_3_y,pose_world_3_z,pose_world_3_visibility,pose_world_4_x,pose_world_4_y,pose_world_4_z,pose_world_4_visibility,pose_world_5_x,pose_world_5_y,pose_world_5_z,pose_world_5_visibility,pose_world_6_x,pose_world_6_y,pose_world_6_z,pose_world_6_visibility,pose_world_7_x,pose_world_7_y,pose_world_7_z,pose_world_7_visibility,pose_world_8_x,pose_world_8_y,pose_world_8_z,pose_world_8_visibility,pose_world_9_x,pose_world_9_y,pose_world_9_z,pose_world_9_visibility,pose_world_10_x,pose_world_10_y,pose_world_10_z,pose_world_10_visibility,pose_world_11_x,pose_world_11_y,pose_world_11_z,pose_world_11_visibility,pose_world_12_x,pose_world_12_y,pose_world_12_z,pose_world_12_visibility,pose_world_13_x,pose_world_13_y,pose_world_13_z,pose_world_13_visibility,pose_world_14_x,pose_world_14_y,pose_world_14_z,pose_world_14_visibility,pose_world_15_x,pose_world_15_y,pose_world_15_z,pose_world_15_visibility,pose_world_16_x,pose_world_16_y,pose_world_16_z,pose_world_16_visibility,pose_world_17_x,pose_world_17_y,pose_world_17_z,pose_world_17_visibility,pose_world_18_x,pose_world_18_y,pose_world_18_z,pose_world_18_visibility,pose_world_19_x,pose_world_19_y,pose_world_19_z,pose_world_19_visibility,pose_world_20_x,pose_world_20_y,pose_world_20_z,pose_world_20_visibility,pose_world_21_x,pose_world_21_y,pose_world_21_z,pose_world_21_visibility,pose_world_22_x,pose_world_22_y,pose_world_22_z,pose_world_22_visibility,pose_world_23_x,pose_world_23_y,pose_world_23_z,pose_world_23_visibility,pose_world_24_x,pose_world_24_y,pose_world_24_z,pose_world_24_visibility,pose_world_25_x,pose_world_25_y,pose_world_25_z,pose_world_25_visibility,pose_world_26_x,pose_world_26_y,pose_world_26_z,pose_world_26_visibility,pose_world_27_x,pose_world_27_y,pose_world_27_z,pose_world_27_visibility,pose_world_28_x,pose_world_28_y,pose_world_28_z,pose_world_28_visibility,pose_world_29_x,pose_world_29_y,pose_world_29_z,pose_world_29_visibility,pose_world_30_x,pose_world_30_y,pose_world_30_z,pose_world_30_visibility,pose_world_31_x,pose_world_31_y,pose_world_31_z,pose_world_31_visibility,pose_world_32_x,pose_world_32_y,pose_world_32_z,pose_world_32_visibility,frame,timestamp,right_hand_0_x,right_hand_0_y,right_hand_0_z,right_hand_0_visibility,right_hand_1_x,right_hand_1_y,right_hand_1_z,right_hand_1_visibility,right_hand_2_x,right_hand_2_y,right_hand_2_z,right_hand_2_visibility,right_hand_3_x,right_hand_3_y,right_hand_3_z,right_hand_3_visibility,right_hand_4_x,right_hand_4_y,right_hand_4_z,right_hand_4_visibility,right_hand_5_x,right_hand_5_y,right_hand_5_z,right_hand_5_visibility,right_hand_6_x,right_hand_6_y,right_hand_6_z,right_hand_6_visibility,right_hand_7_x,right_hand_7_y,right_hand_7_z,right_hand_7_visibility,right_hand_8_x,right_hand_8_y,right_hand_8_z,right_hand_8_visibility,right_hand_9_x,right_hand_9_y,right_hand_9_z,right_hand_9_visibility,right_hand_10_x,right_hand_10_y,right_hand_10_z,right_hand_10_visibility,right_hand_11_x,right_hand_11_y,right_hand_11_z,right_hand_11_visibility,right_hand_12_x,right_hand_12_y,right_hand_12_z,right_hand_12_visibility,right_hand_13_x,right_hand_13_y,right_hand_13_z,right_hand_13_visibility,right_hand_14_x,right_hand_14_y,right_hand_14_z,right_hand_14_visibility,right_hand_15_x,right_hand_15_y,right_hand_15_z,right_hand_15_visibility,right_hand_16_x,right_hand_16_y,right_hand_16_z,right_hand_16_visibility,right_hand_17_x,right_hand_17_y,right_hand_17_z,right_hand_17_visibility,right_hand_18_x,right_hand_18_y,right_hand_18_z,right_hand_18_visibility,right_hand_19_x,right_hand_19_y,right_hand_19_z,right_hand_19_visibility,right_hand_20_x,right_hand_20_y,right_hand_20_z,right_hand_20_visibility
-0.04166615754365921,-0.580583930015564,-0.32492879033088684,0.998397171497345,-0.021476062014698982,-0.6185259222984314,-0.3248025178909302,0.997464656829834,-0.021847741678357124,-0.6181222796440125,-0.32674640417099,0.9978998899459839,-0.021393761038780212,-0.6181232333183289,-0.3249035179615021,0.9974658489227295,-0.05694790184497833,-0.622268557548523,-0.31695321202278137,0.9969624876976013,-0.05490919202566147,-0.6230164170265198,-0.31696343421936035,0.997168242931366,-0.05558452010154724,-0.6220056414604187,-0.3131142258644104,0.9965876340866089,0.08226883411407471,-0.6125221252441406,-0.2548914849758148,0.9979262351989746,-0.060811907052993774,-0.6256240606307983,-0.19358780980110168,0.996364414691925,-0.006568821147084236,-0.5556943416595459,-0.3043747842311859,0.9992918968200684,-0.047897640615701675,-0.5576721429824829,-0.28605660796165466,0.9991549253463745,0.1954779475927353,-0.4138262867927551,-0.20124776661396027,0.9991946816444397,-0.12307962775230408,-0.4585932493209839,-0.1253204345703125,0.9994107484817505,0.19899915158748627,-0.16201505064964294,-0.18405058979988098,0.8746882081031799,-0.1862436980009079,-0.2480229288339615,-0.06638998538255692,0.7667973637580872,0.14651376008987427,0.011001608334481716,-0.24633967876434326,0.3135766088962555,-0.23110949993133545,-0.07613904774188995,-0.15420100092887878,0.30344370007514954,0.13546785712242126,0.07314931601285934,-0.265796959400177,0.24786663055419922,-0.24195636808872223,-0.016620565205812454,-0.16322632133960724,0.2533957362174988,0.10822951048612595,0.06648533791303635,-0.3072115480899811,0.32851266860961914,-0.23490102589130402,-0.005884136073291302,-0.20581528544425964,0.32109394669532776,0.1248992457985878,0.020915353670716286,-0.26510825753211975,0.28948280215263367,-0.22236092388629913,-0.05418412759900093,-0.17449511587619781,0.30988654494285583,0.10612473636865616,0.0026428771670907736,-0.015441863797605038,0.09144745022058487,-0.1049884483218193,-0.01028024684637785,0.017276588827371597,0.12434892356395721,0.058604735881090164,0.024062637239694595,-0.03975421190261841,0.08792927116155624,-0.10915578156709671,0.09885439276695251,-0.10683643072843552,0.16607753932476044,0.10610591620206833,0.28693321347236633,0.2282634824514389,0.022013531997799873,-0.11885125935077667,0.4615333676338196,0.160714790225029,0.0628591999411583,0.10774518549442291,0.30459722876548767,0.2544955611228943,0.009920257143676281,-0.11975935846567154,0.48168182373046875,0.19917429983615875,0.029686519876122475,0.1234017163515091,0.2867312431335449,0.051203653216362,0.024849630892276764,-0.16768960654735565,0.4879596531391144,0.033899664878845215,0.053240906447172165,0,0.0,,,,,,,,,,,,,,,,,,,,,,,,,,,,,,,,,,,,,,,,,,,,,,,,,,,,,,,,,,,,,,,,,,,,,,,,,,,,,,,,,,,,
-0.04151182249188423,-0.5823819041252136,-0.32566335797309875,0.9984819293022156,-0.020983444526791573,-0.6199331283569336,-0.32484880089759827,0.9975835084915161,-0.021353401243686676,-0.6195467114448547,-0.32677221298217773,0.9979963302612305,-0.020916109904646873,-0.6195234656333923,-0.32493168115615845,0.9975827932357788,-0.05692156031727791,-0.6238275170326233,-0.31717434525489807,0.9971094131469727,-0.0548764243721962,-0.6245102286338806,-0.31717684864997864,0.9973061084747314,-0.055548686534166336,-0.6235063076019287,-0.3133273422718048,0.9967566132545471,0.08247116208076477,-0.6125240921974182,-0.25171351432800293,0.9979993104934692,-0.06317845731973648,-0.6256515979766846,-0.1922760158777237,0.9965486526489258,-0.006536656059324741,-0.5566684603691101,-0.3044370114803314,0.9993213415145874,-0.048190560191869736,-0.558674693107605,-0.28633320331573486,0.9991881847381592,0.19408854842185974,-0.4150637984275818,-0.194461390376091,0.9992165565490723,-0.13121268153190613,-0.45695528388023376,-0.1248217225074768,0.9994124174118042,0.20462270081043243,-0.16495554149150848,-0.18332213163375854,0.876086950302124,-0.2103317379951477,-0.24652662873268127,-0.06639505922794342,0.7756965756416321,0.1566343456506729,0.013844775967299938,-0.257831871509552,0.306077778339386,-0.2572619915008545,-0.07064614444971085,-0.15474587678909302,0.30269482731819153,0.1468925029039383,0.07988184690475464,-0.2786411941051483,0.24042467772960663,-0.2660587728023529,-0.00935633759945631,-0.16323749721050262,0.250589519739151,0.11511489003896713,0.07528762519359589,-0.3245528042316437,0.32067182660102844,-0.26216214895248413,0.0019443306373432279,-0.20758555829524994,0.3187662363052368,0.13304241001605988,0.025039399042725563,-0.2791949510574341,0.2819540202617645,-0.24922239780426025,-0.04843813553452492,-0.17565365135669708,0.3068411648273468,0.10609618574380875,0.0012934646802023053,-0.015284080058336258,0.09113196283578873,-0.10497384518384933,-0.00907108373939991,0.01711525022983551,0.12144169956445694,0.06150764971971512,0.0154015077278018,-0.05558697506785393,0.08928272128105164,-0.1039019227027893,0.14296181499958038,-0.10197083652019501,0.16134122014045715,0.12309233844280243,0.2958717346191406,0.16647012531757355,0.023078523576259613,-0.11900202929973602,0.48680248856544495,0.1636035442352295,0.06120225787162781,0.1267273724079132,0.31461870670318604,0.18729335069656372,0.010035607032477856,-0.12016452848911285,0.507067859172821,0.20166969299316406,0.028620023280382156,0.15535520017147064,0.2949267029762268,-0.03084924817085266,0.02587764710187912,-0.1683044731616974,0.5136935710906982,0.03469451144337654,0.05186891555786133,1,0.041,,,,,,,,,,,,,,,,,,,,,,,,,,,,,,,,,,,,,,,,,,,,,,,,,,,,,,,,,,,,,,,,,,,,,,,,,,,,,,,,,,,,
-0.03949746862053871,-0.581545352935791,-0.3337542414665222,0.9985666275024414,-0.018673408776521683,-0.6188720464706421,-0.331409215927124,0.9977089762687683,-0.019066909328103065,-0.6184786558151245,-0.333312064409256,0.9980949759483337,-0.01863378845155239,-0.6184433102607727,-0.33145278692245483,0.9977120161056519,-0.05533222481608391,-0.6229835152626038,-0.32450395822525024,0.997262716293335,-0.05327964201569557,-0.6236280202865601,-0.32442259788513184,0.997446596622467,-0.05394088476896286,-0.6226291060447693,-0.32050198316574097,0.9969303607940674,0.08347994089126587,-0.6093922257423401,-0.25318580865859985,0.9981027841567993,-0.0632922574877739,-0.6234318614006042,-0.19618505239486694,0.9967316389083862,-0.005346662364900112,-0.5553426146507263,-0.31056123971939087,0.9993576407432556,-0.04774321988224983,-0.5576027035713196,-0.2936154007911682,0.9992260932922363,0.19384552538394928,-0.4139273464679718,-0.19466309249401093,0.9992402791976929,-0.13352198898792267,-0.4556039273738861,-0.1274862140417099,0.9994103908538818,0.21078835427761078,-0.16306793689727783,-0.18307079374790192,0.8797353506088257,-0.2274298518896103,-0.2505949139595032,-0.08141797035932541,0.7845865488052368,0.16453611850738525,0.026014147326350212,-0.2642712891101837,0.31191226840019226,-0.29572033882141113,-0.11061722785234451,-0.1961703896522522,0.3136983811855316,0.15393288433551788,0.09356261044740677,-0.2850628197193146,0.24427030980587006,-0.31193068623542786,-0.06180439889431,-0.20641057193279266,0.25916585326194763,0.1208777204155922,0.08862859010696411,-0.33296799659729004,0.3263126015663147,-0.31165778636932373,-0.05437339097261429,-0.2527652084827423,0.32930105924606323,0.1397770494222641,0.03756275773048401,-0.2865099012851715,0.28761038184165955,-0.29103854298591614,-0.09176479279994965,-0.21855519711971283,0.31696218252182007,0.1061585545539856,0.0007747099734842777,-0.01458660513162613,0.0893334150314331,-0.10497689992189407,-0.008557036519050598,0.016475558280944824,0.11757069081068039,0.07565932720899582,-0.005353428423404694,-0.06113440915942192,0.09037265181541443,-0.10085222125053406,0.13570809364318848,-0.09459492564201355,0.157915860414505,0.1293715387582779,0.2907010018825531,0.18034076690673828,0.023577027022838593,-0.11900974810123444,0.48572200536727905,0.17879676818847656,0.0604352205991745,0.13239514827728271,0.3095714747905731,0.20340922474861145,0.010238504968583584,-0.12011517584323883,0.5053994059562683,0.21831272542476654,0.02793801575899124,0.1634671688079834,0.283751517534256,-0.014057079330086708,0.02614404819905758,-0.1647471934556961,0.5105148553848267,0.04327605664730072,0.05069415643811226,2,0.083,,,,,,,,,,,,,,,,,,,,,,,,,,,,,,,,,,,,,,,,,,,,,,,,,,,,,,,,,,,,,,,,,,,,,,,,,,,,,,,,,,,,
-0.03921683132648468,-0.5829086303710938,-0.3268076181411743,0.9986891746520996,-0.018768921494483948,-0.6209377646446228,-0.3225034177303314,0.9979026317596436,-0.01917940564453602,-0.6205827593803406,-0.3244129419326782,0.9982481002807617,-0.018736908212304115,-0.6205561757087708,-0.3224197030067444,0.9979003071784973,-0.05556386336684227,-0.6249526739120483,-0.3165716230869293,0.9975059628486633,-0.05349475145339966,-0.6256202459335327,-0.3165944516658783,0.9976738095283508,-0.05414757505059242,-0.6246657371520996,-0.3126349151134491,0.9972082376480103,0.08278486877679825,-0.6139727830886841,-0.23522888123989105,0.9982490539550781,-0.06690166145563126,-0.6276595592498779,-0.18797533214092255,0.9970228672027588,-0.005083258263766766,-0.5574841499328613,-0.30146652460098267,0.9994041919708252,-0.04774487763643265,-0.5596181154251099,-0.28704580664634705,0.9992855191230774,0.1940063238143921,-0.42045220732688904,-0.1770361065864563,0.9991865158081055,-0.1364601105451584,-0.45895031094551086,-0.11048546433448792,0.9994011521339417,0.21148021519184113,-0.1734195053577423,-0.16398391127586365,0.8848722577095032,-0.2220826894044876,-0.25599539279937744,-0.11167250573635101,0.7933884859085083,0.16341613233089447,0.013495353050529957,-0.2636948525905609,0.35354718565940857,-0.29212847352027893,-0.16210103034973145,-0.3235720694065094,0.3541007936000824,0.1527663618326187,0.07600606977939606,-0.2840377390384674,0.2857411801815033,-0.3146202266216278,-0.13272379338741302,-0.36358642578125,0.3007102906703949,0.12083729356527328,0.06200180947780609,-0.33135703206062317,0.3668496608734131,-0.3133751153945923,-0.13793542981147766,-0.395591676235199,0.37069347500801086,0.1394416093826294,0.020937705412507057,-0.28505393862724304,0.32930076122283936,-0.28875720500946045,-0.15119116008281708,-0.3437505066394806,0.3576927185058594,0.10620040446519852,-0.0015173557912930846,-0.01266271062195301,0.10967090725898743,-0.10510234534740448,-0.006791627500206232,0.01461800467222929,0.1402541846036911,0.09019271284341812,0.0021969175431877375,-0.06167095899581909,0.09793498367071152,-0.10310691595077515,0.1571773886680603,-0.08688205480575562,0.16126637160778046,0.1275353878736496,0.2913271188735962,0.1645965576171875,0.025899613276124,-0.11904636770486832,0.48436975479125977,0.1498308926820755,0.06327128410339355,0.13108587265014648,0.3099880516529083,0.18463316559791565,0.011870223097503185,-0.11888021975755692,0.5035879611968994,0.1762048602104187,0.029052451252937317,0.15937639772891998,0.2899235188961029,-0.020844364538788795,0.029211606830358505,-0.15080276131629944,0.5248392224311829,-0.002571282908320427,0.05407983809709549,3,0.125,0.3413885235786438,0.8938236832618713,-1.5451215062967094e-07,,0.3581453561782837,0.9025735259056091,-0.009141647256910801,,0.37421491742134094,0.930469810962677,-0.01566718891263008,,0.38594359159469604,0.9587138295173645,-0.02174954116344452,,0.3955606520175934,0.9819756746292114,-0.02745249681174755,,0.35541877150535583,0.9769461154937744,-0.00665073748677969,,0.3641764223575592,1.0069444179534912,-0.014700557105243206,,0.3736940920352936,1.0226136445999146,-0.022903723642230034,,0.38160112500190735,1.0355678796768188,-0.0283853430300951,,0.3472907841205597,0.9897131323814392,-0.006208509206771851,,0.3567439317703247,1.0250575542449951,-0.011320767924189568,,0.36699390411376953,1.0450479984283447,-0.016775814816355705,,0.3768501281738281,1.0577950477600098,-0.02113436907529831,,0.34035974740982056,0.9970482587814331,-0.0069663673639297485,,0.34971025586128235,1.0338128805160522,-0.01224584225565195,,0.3590679168701172,1.0539047718048096,-0.014367608353495598,,0.3677954375743866,1.0685184001922607,-0.015547412447631359,,0.3344055712223053,0.9980189204216003,-0.008589928038418293,,0.3431737720966339,1.0349721908569336,-0.01220603846013546,,0.3506036400794983,1.0553852319717407,-0.011637711897492409,,0.35744383931159973,1.0691355466842651,-0.010782807134091854,
-0.03910752013325691,-0.5819617509841919,-0.3120740056037903,0.9987894892692566,-0.018992429599165916,-0.6205287575721741,-0.30771496891975403,0.9980489611625671,-0.019412467256188393,-0.6201991438865662,-0.3094765245914459,0.998351514339447,-0.01896519958972931,-0.6201680898666382,-0.30751165747642517,0.9980351328849792,-0.05599188059568405,-0.6244606971740723,-0.30214637517929077,0.9977030754089355,-0.0538933090865612,-0.625127911567688,-0.30229371786117554,0.997856616973877,-0.05453427881002426,-0.6241815090179443,-0.29833269119262695,0.9974355697631836,0.08230160921812057,-0.614819347858429,-0.2166539579629898,0.9983567595481873,-0.06871554255485535,-0.6279288530349731,-0.17128431797027588,0.9972453117370605,-0.004841181915253401,-0.5571281313896179,-0.28562620282173157,0.9994276762008667,-0.04773817956447601,-0.5591223835945129,-0.2719861567020416,0.999320924282074,0.19248899817466736,-0.4249010682106018,-0.1472797989845276,0.9990702271461487,-0.13612143695354462,-0.4579092860221863,-0.08400095254182816,0.999353289604187,0.20770660042762756,-0.17066781222820282,-0.13845989108085632,0.8892807960510254,-0.21938340365886688,-0.26146093010902405,-0.12645822763442993,0.8017764091491699,0.1687929332256317,0.045813195407390594,-0.24528633058071136,0.39081066846847534,-0.313706636428833,-0.26014161109924316,-0.3480245769023895,0.3995695114135742,0.1627379059791565,0.11049319058656693,-0.26069459319114685,0.32015538215637207,-0.3434617817401886,-0.26274895668029785,-0.38512423634529114,0.34502947330474854,0.13658002018928528,0.10381811112165451,-0.3076460063457489,0.39960023760795593,-0.358014315366745,-0.2736015021800995,-0.40754416584968567,0.41148364543914795,0.147705078125,0.05563005805015564,-0.26735174655914307,0.3623352646827698,-0.3170183300971985,-0.2580907642841339,-0.3648069500923157,0.39550089836120605,0.10507791489362717,-0.004169768653810024,-0.009678968228399754,0.12557178735733032,-0.10441026091575623,-0.004085260909050703,0.011434448882937431,0.15750642120838165,0.09744347631931305,0.02903575822710991,-0.050820425152778625,0.10532249510288239,-0.09276127070188522,0.1838127225637436,-0.07886137813329697,0.16802433133125305,0.12795233726501465,0.3188202679157257,0.16058135032653809,0.028674142435193062,-0.10627828538417816,0.49195340275764465,0.13988853991031647,0.06740208715200424,0.13066129386425018,0.3389056324958801,0.17710864543914795,0.013168063946068287,-0.1031988188624382,0.5118221640586853,0.16148827970027924,0.029925672337412834,0.1691213846206665,0.339486688375473,-0.017919719219207764,0.03257264569401741,-0.11875687539577484,0.5434090495109558,-0.013067414984107018,0.05758312717080116,4,0.166,,,,,,,,,,,,,,,,,,,,,,,,,,,,,,,,,,,,,,,,,,,,,,,,,,,,,,,,,,,,,,,,,,,,,,,,,,,,,,,,,,,,
-0.037892796099185944,-0.5819284915924072,-0.2988264858722687,0.9988759756088257,-0.018219495192170143,-0.6205571889877319,-0.29552561044692993,0.9981672167778015,-0.018667370080947876,-0.6202319860458374,-0.2972186803817749,0.9984283447265625,-0.018223188817501068,-0.6202000975608826,-0.29522258043289185,0.9981432557106018,-0.055329401046037674,-0.6244833469390869,-0.2896886169910431,0.9978686571121216,-0.05322087183594704,-0.625148355960846,-0.289939820766449,0.9980100989341736,-0.05385426804423332,-0.6242018938064575,-0.2859939634799957,0.9976311326026917,0.08305280655622482,-0.6175661087036133,-0.20624157786369324,0.9984495043754578,-0.06840971857309341,-0.6304910778999329,-0.1587495356798172,0.9974244832992554,-0.003413050202652812,-0.5572863817214966,-0.2728014588356018,0.9994467496871948,-0.046831801533699036,-0.5592771172523499,-0.2585332989692688,0.9993491768836975,0.19235746562480927,-0.430965781211853,-0.13353534042835236,0.9989985823631287,-0.13402414321899414,-0.4589800238609314,-0.06497488170862198,0.9993257522583008,0.19710028171539307,-0.17130863666534424,-0.11809925734996796,0.8965047597885132,-0.21115024387836456,-0.2758791148662567,-0.12325581908226013,0.8125553727149963,0.17116640508174896,0.042972516268491745,-0.2146679162979126,0.4367802143096924,-0.3091239631175995,-0.32207414507865906,-0.3470410704612732,0.44952529668807983,0.16695910692214966,0.10664699971675873,-0.22581443190574646,0.3626233637332916,-0.3368646204471588,-0.3361324667930603,-0.3833799660205841,0.39423272013664246,0.14674554765224457,0.10127764940261841,-0.27157336473464966,0.43898698687553406,-0.3542405366897583,-0.3511497974395752,-0.39982855319976807,0.45605725049972534,0.152435302734375,0.05297961086034775,-0.2359742969274521,0.4025130867958069,-0.3125305473804474,-0.32418274879455566,-0.36172419786453247,0.4376276433467865,0.10499842464923859,-0.005511297844350338,-0.00895243976265192,0.1342291533946991,-0.10438881814479828,-0.0027841879054903984,0.01060870848596096,0.16804715991020203,0.10918112844228745,0.02812785655260086,-0.05007337033748627,0.11063119024038315,-0.09142762422561646,0.17414496839046478,-0.0763673335313797,0.17337316274642944,0.13392825424671173,0.31159669160842896,0.16741473972797394,0.03005119599401951,-0.10408495366573334,0.49012553691864014,0.14218206703662872,0.06988228857517242,0.13587263226509094,0.32930639386177063,0.1853947788476944,0.013655322603881359,-0.09993625432252884,0.509944498538971,0.1669812947511673,0.02993238903582096,0.18184924125671387,0.33183732628822327,-0.012239654548466206,0.034380994737148285,-0.11399493366479874,0.5388256907463074,-0.009770117700099945,0.059607408940792084,5,0.208,0.32758671045303345,0.6976504325866699,1.654290144870174e-07,,0.316308856010437,0.6559792757034302,-0.002292308956384659,,0.30559420585632324,0.6147634983062744,-0.007728879805654287,,0.30254286527633667,0.5807821154594421,-0.013594950549304485,,0.3050689399242401,0.5532476902008057,-0.02055157721042633,,0.29086923599243164,0.6189098358154297,-0.014712006784975529,,0.28796517848968506,0.5778201222419739,-0.026558972895145416,,0.2937507927417755,0.556829035282135,-0.034909773617982864,,0.30103838443756104,0.5428476333618164,-0.04010286554694176,,0.2952211797237396,0.6333665251731873,-0.020122990012168884,,0.29221993684768677,0.5910623073577881,-0.02909793332219124,,0.2979215383529663,0.5655636191368103,-0.0339868925511837,,0.3056629002094269,0.5495378971099854,-0.037911247462034225,,0.3023458421230316,0.6536840796470642,-0.02567034214735031,,0.29604774713516235,0.6175165772438049,-0.03350324556231499,,0.30231592059135437,0.592283308506012,-0.033991239964962006,,0.31050238013267517,0.5731880068778992,-0.03476271778345108,,0.3096155822277069,0.6792349815368652,-0.031222300603985786,,0.3022952675819397,0.6650411486625671,-0.03676601126790047,,0.30395060777664185,0.648537814617157,-0.035542674362659454,,0.3072672188282013,0.6353327631950378,-0.03482096642255783,
-0.036967888474464417,-0.5818653702735901,-0.29522988200187683,0.9989660382270813,-0.017504312098026276,-0.620540976524353,-0.29262518882751465,0.998295783996582,-0.017985042184591293,-0.6202154755592346,-0.2943730056285858,0.9985213875770569,-0.01754036173224449,-0.6201834082603455,-0.2923751473426819,0.9982627630233765,-0.05450788140296936,-0.6244755983352661,-0.28655728697776794,0.9980373978614807,-0.05240785703063011,-0.6251392960548401,-0.28677868843078613,0.9981669783592224,-0.0530305877327919,-0.6241916418075562,-0.2828158438205719,0.9978254437446594,0.08344230055809021,-0.6178410649299622,-0.20592422783374786,0.9985576272010803,-0.06777054071426392,-0.6312663555145264,-0.1571195423603058,0.9976183176040649,-0.0027738651260733604,-0.5572811365127563,-0.27021005749702454,0.9994791150093079,-0.04628501459956169,-0.5593043565750122,-0.2555023729801178,0.9993906021118164,0.19224797189235687,-0.4306084215641022,-0.13251784443855286,0.9989722967147827,-0.1332325041294098,-0.46028822660446167,-0.06352395564317703,0.9993370175361633,0.19549015164375305,-0.17116014659404755,-0.11116034537553787,0.9030784964561462,-0.21123923361301422,-0.29355934262275696,-0.13244779407978058,0.8249150514602661,0.17102265357971191,0.0420517660677433,-0.20000849664211273,0.4776180684566498,-0.30222100019454956,-0.37621989846229553,-0.3649698495864868,0.4980534017086029,0.1652626395225525,0.1046396866440773,-0.20628345012664795,0.3994922637939453,-0.327667772769928,-0.3996007442474365,-0.40011727809906006,0.44324567914009094,0.14524812996387482,0.09976682811975479,-0.24979853630065918,0.47297796607017517,-0.3384859561920166,-0.41760313510894775,-0.4085996448993683,0.5000429749488831,0.15234039723873138,0.05185642093420029,-0.21932099759578705,0.43654605746269226,-0.303362637758255,-0.381403386592865,-0.375900000333786,0.4792241156101227,0.10501378774642944,-0.006063091102987528,-0.008052637800574303,0.13749155402183533,-0.10440225899219513,-0.0023275099229067564,0.009723096154630184,0.1747606247663498,0.11119548976421356,0.010131721384823322,-0.04972126707434654,0.11843286454677582,-0.09208676964044571,0.17208023369312286,-0.07732268422842026,0.18286019563674927,0.1354309469461441,0.2839253842830658,0.17048561573028564,0.03154541179537773,-0.10458838194608688,0.48363786935806274,0.14288492500782013,0.07387691736221313,0.1370885819196701,0.29991111159324646,0.1865166276693344,0.014124147593975067,-0.10108110308647156,0.5019736886024475,0.1697482466697693,0.03007497452199459,0.18333351612091064,0.2961924076080322,-0.009418055415153503,0.03631392493844032,-0.11827129870653152,0.5337831377983093,-0.008264118805527687,0.062492646276950836,6,0.25,0.3242517113685608,0.6284932494163513,1.3989487968046888e-07,,0.30431869626045227,0.5929831862449646,-0.0003984482027590275,,0.29882970452308655,0.5515113472938538,-0.0017947935266420245,,0.30340006947517395,0.5207510590553284,-0.004620550200343132,,0.31300726532936096,0.4990328550338745,-0.007423437666147947,,0.30341893434524536,0.5213623642921448,0.004706263076514006,,0.3112398386001587,0.4851767122745514,-0.0010506941471248865,,0.3193027973175049,0.46496450901031494,-0.00704139843583107,,0.32785481214523315,0.44945964217185974,-0.0112595921382308,,0.3135382831096649,0.5231412053108215,0.0006679988000541925,,0.3216893970966339,0.4865512251853943,-0.0037129393313080072,,0.32965993881225586,0.46305835247039795,-0.008556033484637737,,0.3385644555091858,0.44365957379341125,-0.012328088283538818,,0.3238256275653839,0.530592143535614,-0.004584755282849073,,0.33224546909332275,0.4959997534751892,-0.009367695078253746,,0.34030163288116455,0.4737088680267334,-0.011878404766321182,,0.34864795207977295,0.4566858410835266,-0.013672311790287495,,0.33340704441070557,0.5427941679954529,-0.01030401699244976,,0.3387833833694458,0.5160415172576904,-0.013376021757721901,,0.34274059534072876,0.49897512793540955,-0.013518502935767174,,0.3467593193054199,0.48490190505981445,-0.013779503293335438,
-0.03385865315794945,-0.5816631317138672,-0.2874126732349396,0.9990559220314026,-0.015166940167546272,-0.6204140186309814,-0.28427204489707947,0.9984322190284729,-0.015714198350906372,-0.6200894117355347,-0.28612038493156433,0.998628556728363,-0.015258333645761013,-0.6200460195541382,-0.2840510606765747,0.9983928799629211,-0.05160261318087578,-0.6244351863861084,-0.2792298197746277,0.9982051253318787,-0.04952874034643173,-0.6250925064086914,-0.27948886156082153,0.9983224868774414,-0.050150491297245026,-0.6241439580917358,-0.27545830607414246,0.9980138540267944,0.08353471755981445,-0.6175658702850342,-0.19887377321720123,0.9986740946769714,-0.06706807017326355,-0.6312981247901917,-0.1551012247800827,0.9978208541870117,-0.0011947678867727518,-0.5569971203804016,-0.26317837834358215,0.9995192885398865,-0.044590651988983154,-0.5592043399810791,-0.24991272389888763,0.9994393587112427,0.19222807884216309,-0.428274542093277,-0.1231493353843689,0.9989631175994873,-0.13310669362545013,-0.4633878469467163,-0.06492369621992111,0.9993687868118286,0.19772718846797943,-0.16226090490818024,-0.09809792786836624,0.9094654321670532,-0.22888080775737762,-0.3194552958011627,-0.15085364878177643,0.8399226665496826,0.18317264318466187,0.05962471663951874,-0.18756742775440216,0.5194871425628662,-0.2861447036266327,-0.41390374302864075,-0.3963022530078888,0.5460096597671509,0.173251673579216,0.12333233654499054,-0.193248450756073,0.43861809372901917,-0.291320264339447,-0.43804478645324707,-0.4369020462036133,0.4936373829841614,0.1575571447610855,0.11947186291217804,-0.23402118682861328,0.5079721808433533,-0.2970946133136749,-0.46077239513397217,-0.43526381254196167,0.5450342893600464,0.1653466671705246,0.06963614374399185,-0.20519644021987915,0.4727698862552643,-0.28132548928260803,-0.4208909273147583,-0.4030582904815674,0.523957371711731,0.10520947724580765,-0.006051092874258757,-0.006029965355992317,0.14308522641658783,-0.10451412945985794,-0.0023357453756034374,0.007734844461083412,0.1864534318447113,0.1157614067196846,-0.011265807785093784,-0.04977404698729515,0.125261127948761,-0.09420326352119446,0.11869659274816513,-0.08123445510864258,0.1901576966047287,0.13587816059589386,0.2671663463115692,0.17251034080982208,0.03259763866662979,-0.10512731969356537,0.4590792953968048,0.14339886605739594,0.07620622217655182,0.13749872148036957,0.2830311954021454,0.18785439431667328,0.014529135078191757,-0.10074352473020554,0.47596216201782227,0.1700846403837204,0.02994539774954319,0.1841096132993698,0.2674742341041565,-0.007855547592043877,0.03740575537085533,-0.11351486295461655,0.5006691217422485,-0.0192541666328907,0.06377150118350983,7,0.291,0.34376952052116394,0.571843683719635,2.6610427994455677e-07,,0.35288313031196594,0.5169714689254761,-0.002989772241562605,,0.36146286129951477,0.4653834104537964,-0.00834030844271183,,0.3745788335800171,0.43155133724212646,-0.014063742943108082,,0.3885335326194763,0.40628403425216675,-0.019730785861611366,,0.32645127177238464,0.4522327482700348,-0.01134475041180849,,0.34748542308807373,0.41191214323043823,-0.023495003581047058,,0.3647318184375763,0.385009229183197,-0.03233049437403679,,0.3795935809612274,0.36665284633636475,-0.03810729458928108,,0.3252733647823334,0.46763813495635986,-0.015752620995044708,,0.34674081206321716,0.4260915517807007,-0.026922132819890976,,0.3660490810871124,0.4000314176082611,-0.03271138295531273,,0.38309770822525024,0.3818827271461487,-0.037099096924066544,,0.3296211063861847,0.48802855610847473,-0.0207628533244133,,0.3489464521408081,0.4466821551322937,-0.031191157177090645,,0.36537808179855347,0.42293015122413635,-0.03355397656559944,,0.3797670304775238,0.40696120262145996,-0.03485085070133209,,0.3364124596118927,0.5110401511192322,-0.026098227128386497,,0.34884849190711975,0.4794784486293793,-0.03372810408473015,,0.36006516218185425,0.45766767859458923,-0.03562268614768982,,0.37018656730651855,0.4418640732765198,-0.036922700703144073,
-0.022258011624217033,-0.5816957354545593,-0.28675732016563416,0.9991376996040344,-0.005673268809914589,-0.6204299926757812,-0.28293052315711975,0.9985531568527222,-0.0063213263638317585,-0.6201086640357971,-0.2849276065826416,0.9987238645553589,-0.005789342802017927,-0.6200665831565857,-0.2828364074230194,0.998514711856842,-0.041268981993198395,-0.6245118379592896,-0.27920767664909363,0.9983514547348022,-0.039200060069561005,-0.6251745223999023,-0.2794218361377716,0.9984574317932129,-0.03980860114097595,-0.6242294311523438,-0.27535516023635864,0.9981794953346252,0.0860036313533783,-0.6173416972160339,-0.19549520313739777,0.9987815022468567,-0.062498804181814194,-0.6312674283981323,-0.1571754366159439,0.9980037212371826,0.007787477225065231,-0.5569786429405212,-0.2621859610080719,0.9995574355125427,-0.03513270244002342,-0.5592164993286133,-0.2506950795650482,0.9994861483573914,0.19150997698307037,-0.4252075254917145,-0.12019968777894974,0.9989868402481079,-0.13298529386520386,-0.46497616171836853,-0.06487051397562027,0.9993993043899536,0.20155659317970276,-0.15136732161045074,-0.09786143898963928,0.9163897633552551,-0.26538407802581787,-0.3539244830608368,-0.16137099266052246,0.8544144034385681,0.1871149241924286,0.0807303860783577,-0.1873897761106491,0.5611915588378906,-0.23053422570228577,-0.4482865333557129,-0.37464407086372375,0.5893181562423706,0.1742274910211563,0.1458417773246765,-0.19505976140499115,0.48040664196014404,-0.20300394296646118,-0.467008113861084,-0.41257762908935547,0.5377622842788696,0.1596388816833496,0.14756633341312408,-0.2276344895362854,0.5439431667327881,-0.19613878428936005,-0.49245592951774597,-0.4045582413673401,0.5837476253509521,0.169826477766037,0.09377752989530563,-0.20190037786960602,0.5105743408203125,-0.21502259373664856,-0.4543277621269226,-0.3770928680896759,0.5619155764579773,0.10491723567247391,-0.0060401917435228825,-0.005475382786244154,0.15261723101139069,-0.10405317693948746,-0.002339624799787998,0.0072195865213871,0.19970469176769257,0.12281647324562073,-0.006417662370949984,-0.050990257412195206,0.1384696513414383,-0.09433511644601822,0.09033682942390442,-0.08539291471242905,0.2054351270198822,0.1352260410785675,0.27522900700569153,0.17388813197612762,0.035340745002031326,-0.09109616279602051,0.4435479938983917,0.13510961830615997,0.0805356577038765,0.13680601119995117,0.2922514081001282,0.18992699682712555,0.015631895512342453,-0.08130546659231186,0.4602861702442169,0.15902426838874817,0.03102666325867176,0.1824520081281662,0.2715182602405548,-0.00941981840878725,0.040178462862968445,-0.08922848850488663,0.4852505326271057,-0.02889213338494301,0.06723420321941376,8,0.333,0.38787391781806946,0.5087405443191528,1.7720158496103977e-07,,0.3893989622592926,0.45864933729171753,0.0026427959091961384,,0.4042571187019348,0.40960997343063354,0.00010712664516177028,,0.42475420236587524,0.3843696415424347,-0.004530306905508041,,0.44380444288253784,0.3771090507507324,-0.008762718178331852,,0.4027431905269623,0.37398412823677063,-0.0035104837734252214,,0.43887051939964294,0.34985652565956116,-0.0139246741309762,,0.46533018350601196,0.3501751720905304,-0.02106938697397709,,0.48499739170074463,0.3581203520298004,-0.025305073708295822,,0.4078376889228821,0.3813115060329437,-0.010522080585360527,,0.4420797824859619,0.3576478660106659,-0.01932765357196331,,0.4663708508014679,0.3649422228336334,-0.023195507004857063,,0.48431363701820374,0.3770870268344879,-0.025625938549637794,,0.4145251512527466,0.40077006816864014,-0.017897184938192368,,0.44621825218200684,0.3837527334690094,-0.025477446615695953,,0.4686098098754883,0.39426931738853455,-0.02748565375804901,,0.48522889614105225,0.4080495834350586,-0.028470436111092567,,0.42349544167518616,0.43035823106765747,-0.025437792763113976,,0.4467346966266632,0.41749224066734314,-0.029635779559612274,,0.46189647912979126,0.4212348759174347,-0.029823090881109238,,0.4746527373790741,0.42781028151512146,-0.029699454084038734,
-0.0029044863767921925,-0.5817710161209106,-0.2879197299480438,0.9992187023162842,0.013275559060275555,-0.6204704642295837,-0.28292331099510193,0.9986820220947266,0.01253702025860548,-0.6201457381248474,-0.2850348949432373,0.9988337159156799,0.013111280277371407,-0.6201052665710449,-0.28289172053337097,0.9986476898193359,-0.02249966748058796,-0.6246349215507507,-0.27990251779556274,0.9985020160675049,-0.02044014260172844,-0.6252957582473755,-0.28008097410202026,0.9985976815223694,-0.021057872101664543,-0.6243531703948975,-0.2759883403778076,0.9983476400375366,0.10038017481565475,-0.6162869334220886,-0.19300290942192078,0.9988936185836792,-0.04909835755825043,-0.63086998462677,-0.15848243236541748,0.9981907606124878,0.02593841962516308,-0.5568828582763672,-0.26313596963882446,0.9995987415313721,-0.017619285732507706,-0.5592102408409119,-0.25211745500564575,0.9995348453521729,0.19880838692188263,-0.41832226514816284,-0.12064920365810394,0.9990588426589966,-0.13037598133087158,-0.4653750956058502,-0.06708229333162308,0.9994488954544067,0.21716797351837158,-0.14268167316913605,-0.09526883065700531,0.9232922196388245,-0.2798801064491272,-0.3659631013870239,-0.17055918276309967,0.8682827949523926,0.20208673179149628,0.08735320717096329,-0.18421272933483124,0.6003361344337463,-0.1896192580461502,-0.4272512197494507,-0.3700498640537262,0.6288794875144958,0.1851917952299118,0.15337982773780823,-0.1940644085407257,0.5204021334648132,-0.1514495313167572,-0.4325615167617798,-0.40770769119262695,0.5780127644538879,0.17155258357524872,0.15724264085292816,-0.2237786203622818,0.578579843044281,-0.1332968771457672,-0.4530990719795227,-0.39316052198410034,0.6191563010215759,0.18464426696300507,0.10211079567670822,-0.19732727110385895,0.5477066040039062,-0.1680857092142105,-0.42758050560951233,-0.36999791860580444,0.5975801348686218,0.1056283488869667,-0.005825277417898178,-0.005056188441812992,0.16638992726802826,-0.10432729870080948,-0.0025091245770454407,0.006883617490530014,0.21736106276512146,0.13305360078811646,-0.016034143045544624,-0.06388583034276962,0.14718355238437653,-0.09678389877080917,0.02520674839615822,-0.09917157143354416,0.21254153549671173,0.14006538689136505,0.2629811763763428,0.17531365156173706,0.03651336953043938,-0.07815439999103546,0.40654948353767395,0.13647004961967468,0.08096469938755035,0.14148147404193878,0.27879810333251953,0.19202500581741333,0.01632147654891014,-0.06443358212709427,0.421146959066391,0.16049322485923767,0.031143035739660263,0.18774525821208954,0.24221687018871307,-0.01587006449699402,0.041164033114910126,-0.06629947572946548,0.43740609288215637,-0.027397681027650833,0.06750001013278961,9,0.375,,,,,,,,,,,,,,,,,,,,,,,,,,,,,,,,,,,,,,,,,,,,,,,,,,,,,,,,,,,,,,,,,,,,,,,,,,,,,,,,,,,,
-0.006157005205750465,-0.5817641615867615,-0.2839512228965759,0.9992857575416565,0.010150056332349777,-0.6205998063087463,-0.2785302698612213,0.9987844228744507,0.009460026398301125,-0.620273232460022,-0.2807345688343048,0.9989177584648132,0.010013491846621037,-0.6202369332313538,-0.278598815202713,0.998752772808075,-0.02572396770119667,-0.6246755719184875,-0.2756968140602112,0.9986239075660706,-0.023657681420445442,-0.6253383755683899,-0.2758365869522095,0.9987103939056396,-0.024278657510876656,-0.6244011521339417,-0.271727979183197,0.9984849095344543,0.09931924939155579,-0.616554856300354,-0.19048942625522614,0.9989843368530273,-0.049688421189785004,-0.630706250667572,-0.15727949142456055,0.9983478784561157,0.02408352866768837,-0.5568700432777405,-0.2597322463989258,0.999631941318512,-0.019237278029322624,-0.5591400265693665,-0.24934348464012146,0.9995747804641724,0.19961261749267578,-0.4183627963066101,-0.12170401960611343,0.9990907907485962,-0.1294720470905304,-0.46548882126808167,-0.06801871210336685,0.9994816184043884,0.21938827633857727,-0.14345525205135345,-0.0993439182639122,0.9279046058654785,-0.28520116209983826,-0.36471620202064514,-0.17043061554431915,0.8799676895141602,0.19825567305088043,0.0815282016992569,-0.18642674386501312,0.6293307542800903,-0.18737372756004333,-0.40618109703063965,-0.3675307333469391,0.6620689034461975,0.18456687033176422,0.14811015129089355,-0.19783692061901093,0.5468887686729431,-0.15129432082176208,-0.4063150882720947,-0.4053575396537781,0.608559250831604,0.17018531262874603,0.1509747952222824,-0.2281893491744995,0.6012551188468933,-0.13235536217689514,-0.42645934224128723,-0.3893047571182251,0.6455243825912476,0.18037867546081543,0.09599729627370834,-0.20001037418842316,0.5718238949775696,-0.16605135798454285,-0.40564054250717163,-0.3673885762691498,0.6229038238525391,0.10555718839168549,-0.005801753140985966,-0.004622746258974075,0.1754288226366043,-0.10418572276830673,-0.002528993645682931,0.006514145992696285,0.22861306369304657,0.1295606791973114,-0.014814287424087524,-0.06095053255558014,0.15559756755828857,-0.0969407930970192,0.04957917332649231,-0.09848788380622864,0.22111526131629944,0.1392011195421219,0.27224621176719666,0.17677827179431915,0.03852448984980583,-0.07860762625932693,0.41474494338035583,0.13724768161773682,0.08337043970823288,0.14038541913032532,0.28983274102211,0.19279444217681885,0.017298391088843346,-0.06636465340852737,0.4302386939525604,0.16230802237987518,0.03197652846574783,0.18592000007629395,0.24756991863250732,-0.014913301914930344,0.04331263154745102,-0.07262484729290009,0.4487389028072357,-0.024529920890927315,0.06979656219482422,10,0.417,0.4183976650238037,0.5537357330322266,7.70208643530168e-08,,0.44562631845474243,0.5367911458015442,0.003533730050548911,,0.47923749685287476,0.5372403264045715,0.0008676955476403236,,0.5017327070236206,0.5526098608970642,-0.003629312152042985,,0.5166308879852295,0.5729731917381287,-0.007543581072241068,,0.4919603168964386,0.5051944851875305,-0.0043479823507368565,,0.5219350457191467,0.5315247178077698,-0.012847468256950378,,0.5342745184898376,0.5591878294944763,-0.019004182890057564,,0.5405605435371399,0.5816384553909302,-0.023206248879432678,,0.4855007231235504,0.5184119939804077,-0.01150201354175806,,0.515444278717041,0.5405678749084473,-0.01741960272192955,,0.5261181592941284,0.5676997303962708,-0.02030845172703266,,0.5322864055633545,0.5886354446411133,-0.023214543238282204,,0.47546452283859253,0.5398972034454346,-0.018548768013715744,,0.503366231918335,0.5562815070152283,-0.02379223331809044,,0.5102677345275879,0.5799110531806946,-0.02213740162551403,,0.5129284858703613,0.5982478260993958,-0.02153531089425087,,0.4635503590106964,0.56816565990448,-0.025607574731111526,,0.48155125975608826,0.5856794714927673,-0.02729545719921589,,0.48609545826911926,0.6004870533943176,-0.023956211283802986,,0.48701614141464233,0.6113733053207397,-0.021970223635435104,
-0.0011890942696481943,-0.5824519991874695,-0.28166070580482483,0.9993462562561035,0.014963161200284958,-0.6212462782859802,-0.27557608485221863,0.99887615442276,0.014291573315858841,-0.6209186911582947,-0.2778076231479645,0.9989925026893616,0.014875511638820171,-0.6208825707435608,-0.27566444873809814,0.9988448023796082,-0.02057022973895073,-0.6253698468208313,-0.27279898524284363,0.9987354278564453,-0.018492817878723145,-0.6260383725166321,-0.2729080319404602,0.9988141655921936,-0.019125472754240036,-0.6251187324523926,-0.2687990963459015,0.9986110329627991,0.10484176874160767,-0.6165081858634949,-0.18799248337745667,0.9990637898445129,-0.043075963854789734,-0.6306666731834412,-0.15583710372447968,0.9984918236732483,0.02917741984128952,-0.5571581721305847,-0.25770413875579834,0.9996614456176758,-0.013917161151766777,-0.5594638586044312,-0.24765647947788239,0.9996110796928406,0.20490077137947083,-0.41793811321258545,-0.12085142731666565,0.9991074204444885,-0.12599502503871918,-0.4658775329589844,-0.06891977041959763,0.9995148181915283,0.22398079931735992,-0.14404919743537903,-0.09936632961034775,0.9309104084968567,-0.28403520584106445,-0.3591929078102112,-0.17416010797023773,0.8903049230575562,0.20060735940933228,0.08035783469676971,-0.18676409125328064,0.6514452695846558,-0.18381018936634064,-0.3851182758808136,-0.3803175985813141,0.6914628148078918,0.18490497767925262,0.1477908343076706,-0.19919779896736145,0.565933346748352,-0.14909201860427856,-0.38306885957717896,-0.420906126499176,0.6356760859489441,0.1691446304321289,0.15023072063922882,-0.23044739663600922,0.6174229979515076,-0.12739022076129913,-0.40117332339286804,-0.4024101197719574,0.6689803600311279,0.1824575811624527,0.09509268403053284,-0.20097960531711578,0.5890109539031982,-0.161825031042099,-0.3835047781467438,-0.3797895908355713,0.6450858116149902,0.1055549904704094,-0.005778931546956301,-0.003941738046705723,0.18471623957157135,-0.10416663438081741,-0.002591920318081975,0.005929992999881506,0.24174611270427704,0.12894833087921143,-0.013721088878810406,-0.05966753512620926,0.16376349329948425,-0.09684988111257553,0.06034095585346222,-0.09813185781240463,0.22712495923042297,0.13876599073410034,0.276163250207901,0.1777002513408661,0.04018953815102577,-0.07828871160745621,0.4186905026435852,0.13756021857261658,0.08489939570426941,0.13990764319896698,0.29429689049720764,0.19431039690971375,0.018236102536320686,-0.06663826107978821,0.4341173768043518,0.16306911408901215,0.03265635296702385,0.1864290088415146,0.24953146278858185,-0.014324835501611233,0.04512020945549011,-0.07387027889490128,0.45324015617370605,-0.025381650775671005,0.07151073962450027,11,0.458,0.4040585160255432,0.5861948728561401,3.011470539604488e-08,,0.4317290782928467,0.569128692150116,0.008222483098506927,,0.4585133194923401,0.5678679943084717,0.007431356701999903,,0.4764101505279541,0.5700482726097107,0.0034769370686262846,,0.4896959960460663,0.580365777015686,-0.001471012714318931,,0.47890976071357727,0.5828709602355957,0.0026312877889722586,,0.5023524761199951,0.596062421798706,-0.004762938711792231,,0.5169003009796143,0.6026108264923096,-0.01136376429349184,,0.5290883183479309,0.6069961786270142,-0.016767818480730057,,0.4736870229244232,0.5884069800376892,-0.007910222746431828,,0.5001508593559265,0.6018409132957458,-0.016001343727111816,,0.5155779123306274,0.608526349067688,-0.02188635803759098,,0.528673529624939,0.6113089919090271,-0.026655366644263268,,0.46443670988082886,0.5921193361282349,-0.018279125913977623,,0.48973584175109863,0.6059205532073975,-0.025577008724212646,,0.5041013360023499,0.6114721894264221,-0.027172574773430824,,0.5157780647277832,0.6140373349189758,-0.02893972583115101,,0.4520818591117859,0.5954200029373169,-0.028143687173724174,,0.46903085708618164,0.6063501238822937,-0.03292624279856682,,0.48074981570243835,0.6119193434715271,-0.03274233639240265,,0.49163198471069336,0.6154396533966064,-0.03330361843109131,
-0.0033211838454008102,-0.5901451110839844,-0.259593665599823,0.9994041919708252,0.013105671852827072,-0.6283726096153259,-0.25215771794319153,0.9989722371101379,0.012455856427550316,-0.6280615925788879,-0.254345178604126,0.9990734457969666,0.013023153878748417,-0.6280011534690857,-0.25214409828186035,0.9989386200904846,-0.022526364773511887,-0.6340838670730591,-0.24879981577396393,0.998849093914032,-0.02044721320271492,-0.6347405910491943,-0.2489996701478958,0.9989200830459595,-0.021081166341900826,-0.6338478326797485,-0.24493855237960815,0.9987367987632751,0.10392650961875916,-0.6188215613365173,-0.16376306116580963,0.9991399645805359,-0.04408993944525719,-0.6397528052330017,-0.13281840085983276,0.9986294507980347,0.027565566822886467,-0.5630454421043396,-0.23541688919067383,0.9996862411499023,-0.015512917190790176,-0.5673201084136963,-0.2256854921579361,0.9996418952941895,0.2058943659067154,-0.41792798042297363,-0.10830434411764145,0.9989614486694336,-0.12601689994335175,-0.4765635132789612,-0.0619918592274189,0.999530553817749,0.22368109226226807,-0.14828245341777802,-0.09346530586481094,0.9310651421546936,-0.28308045864105225,-0.35254162549972534,-0.17490935325622559,0.8991234302520752,0.1982526332139969,0.05799148976802826,-0.18321776390075684,0.6732581257820129,-0.19426299631595612,-0.3778607249259949,-0.4292096495628357,0.7199102640151978,0.18051348626613617,0.12160471826791763,-0.19717995822429657,0.5884084701538086,-0.18560948967933655,-0.37341606616973877,-0.48081645369529724,0.666962742805481,0.16649577021598816,0.11392799764871597,-0.23143477737903595,0.6374738216400146,-0.14434221386909485,-0.3924696743488312,-0.4748111665248871,0.6972528100013733,0.18086789548397064,0.06750334054231644,-0.19917018711566925,0.6109789609909058,-0.17033007740974426,-0.3757038116455078,-0.43465033173561096,0.6746031045913696,0.10604188591241837,-0.005476096644997597,-0.001575642148964107,0.21097679436206818,-0.10468556731939316,-0.002898887498304248,0.0036030521150678396,0.2763894498348236,0.1273999959230423,-0.006354776211082935,-0.05176504701375961,0.17646585404872894,-0.09861204028129578,0.07175613194704056,-0.09799455851316452,0.2354561686515808,0.13339975476264954,0.2926535904407501,0.16992975771427155,0.04348325356841087,-0.08270525932312012,0.42408767342567444,0.11877458542585373,0.08978726714849472,0.13337910175323486,0.3125363886356354,0.1851571500301361,0.019233282655477524,-0.07105454057455063,0.43942761421203613,0.14074274897575378,0.03313829004764557,0.179820716381073,0.2801864743232727,-0.022398753091692924,0.04852990433573723,-0.07658176124095917,0.45854392647743225,-0.05268700420856476,0.07540027797222137,12,0.5,0.3850114941596985,0.5822884440422058,1.2731254628306488e-07,,0.4002556800842285,0.5919195413589478,-0.00076788425212726,,0.4175165295600891,0.6041475534439087,-0.0037828627973794937,,0.4284748136997223,0.6141714453697205,-0.007216997444629669,,0.43588727712631226,0.6255567073822021,-0.011475983075797558,,0.42395201325416565,0.5893617868423462,-0.008868901059031487,,0.43479102849960327,0.6172142624855042,-0.016748087480664253,,0.4422006607055664,0.6372395157814026,-0.022254066541790962,,0.44722801446914673,0.6526583433151245,-0.025765027850866318,,0.41705963015556335,0.5875821709632874,-0.012328894808888435,,0.42892199754714966,0.6188585162162781,-0.019195327535271645,,0.43535423278808594,0.639897882938385,-0.022421712055802345,,0.44021862745285034,0.6556190252304077,-0.024835024029016495,,0.4084652066230774,0.5905106067657471,-0.015797456726431847,,0.4196017384529114,0.6181310415267944,-0.022025102749466896,,0.4261152744293213,0.6379075050354004,-0.02293456718325615,,0.4312760829925537,0.6533914804458618,-0.023360593244433403,,0.3987351059913635,0.5972070693969727,-0.01931735686957836,,0.407565712928772,0.616966724395752,-0.023404041305184364,,0.413665771484375,0.6313438415527344,-0.0234428271651268,,0.41881680488586426,0.643173098564148,-0.023421842604875565,
-0.004506818950176239,-0.5937406420707703,-0.25522103905677795,0.9994555711746216,0.01234545186161995,-0.6318866014480591,-0.24789023399353027,0.9990584254264832,0.011705415323376656,-0.6315637826919556,-0.2500648498535156,0.9991462230682373,0.012261288240551949,-0.6315009593963623,-0.24782906472682953,0.9990233182907104,-0.023271823301911354,-0.6379740834236145,-0.24433737993240356,0.9989503622055054,-0.021197805181145668,-0.6386123895645142,-0.24453215301036835,0.9990140795707703,-0.0218341201543808,-0.6377220153808594,-0.2404618263244629,0.9988484978675842,0.10359470546245575,-0.6201701760292053,-0.15989361703395844,0.9992091655731201,-0.04438496008515358,-0.6430205702781677,-0.12781095504760742,0.9987505078315735,0.02632598765194416,-0.56592857837677,-0.2311297357082367,0.9997085928916931,-0.016788916662335396,-0.5707404613494873,-0.22100722789764404,0.9996685981750488,0.20673981308937073,-0.4180390536785126,-0.10337862372398376,0.9988623857498169,-0.12541905045509338,-0.47996267676353455,-0.05904131010174751,0.9995383024215698,0.22268450260162354,-0.15355990827083588,-0.08762624114751816,0.931316614151001,-0.2652563154697418,-0.35135987401008606,-0.17159606516361237,0.9063827991485596,0.19709539413452148,0.046746887266635895,-0.18167352676391602,0.6933057308197021,-0.21154247224330902,-0.37201055884361267,-0.4286956787109375,0.7452783584594727,0.18012654781341553,0.10836253315210342,-0.1968788206577301,0.6097641587257385,-0.21888361871242523,-0.37174078822135925,-0.4811100661754608,0.6950989365577698,0.16552531719207764,0.09872272610664368,-0.23266825079917908,0.6568467617034912,-0.18910707533359528,-0.38890087604522705,-0.47894129157066345,0.7227897047996521,0.17956669628620148,0.05498414486646652,-0.19876272976398468,0.6319906711578369,-0.1933428794145584,-0.37149807810783386,-0.43615272641181946,0.7011831998825073,0.10648724436759949,-0.005169919226318598,-0.0005506229354068637,0.22609162330627441,-0.1050482988357544,-0.0033263787627220154,0.002654665382578969,0.2978259325027466,0.1267903596162796,-0.015360796824097633,-0.05165187641978264,0.18039485812187195,-0.1018405333161354,0.06794050335884094,-0.10113366693258286,0.23514100909233093,0.13285191357135773,0.27634602785110474,0.17017994821071625,0.04385470971465111,-0.08977706730365753,0.42288538813591003,0.11489257961511612,0.09015465527772903,0.13251538574695587,0.2943490147590637,0.18616442382335663,0.019480090588331223,-0.07818728685379028,0.4377517104148865,0.13816240429878235,0.03296796977519989,0.17955738306045532,0.2596319317817688,-0.025196315720677376,0.049024827778339386,-0.0788574293255806,0.4541369378566742,-0.06026468798518181,0.07583264261484146,13,0.542,0.38334670662879944,0.6272011995315552,9.750166896083101e-08,,0.3920574486255646,0.63826584815979,-0.006511969491839409,,0.4006737768650055,0.6446590423583984,-0.014393134973943233,,0.4065580368041992,0.6517527103424072,-0.02221468836069107,,0.4103427827358246,0.6623644828796387,-0.030762366950511932,,0.42224931716918945,0.5969910025596619,-0.014152123592793941,,0.42582231760025024,0.6158133149147034,-0.02693835459649563,,0.42671817541122437,0.6347203254699707,-0.03778025135397911,,0.42688125371932983,0.6520439982414246,-0.04494497925043106,,0.4169759154319763,0.5865383744239807,-0.017750568687915802,,0.420662522315979,0.6063879132270813,-0.02749980054795742,,0.42238369584083557,0.6243175864219666,-0.03436768054962158,,0.4232017695903778,0.6402345895767212,-0.03955373540520668,,0.404942125082016,0.5830919742584229,-0.022178299725055695,,0.4063847064971924,0.592418909072876,-0.03052975796163082,,0.40753254294395447,0.6052664518356323,-0.03435844928026199,,0.40842458605766296,0.615612804889679,-0.03715580329298973,,0.38940858840942383,0.5840131640434265,-0.027207061648368835,,0.38271117210388184,0.5810452699661255,-0.033516790717840195,,0.38046497106552124,0.5808320045471191,-0.035558830946683884,,0.3797153830528259,0.5817698836326599,-0.03688407689332962,
-0.005260885693132877,-0.5937601327896118,-0.2591267228126526,0.9995013475418091,0.01197763066738844,-0.63193279504776,-0.25239357352256775,0.9991335868835449,0.011344848200678825,-0.6316058039665222,-0.2545463442802429,0.9992093443870544,0.011891900561749935,-0.6315344572067261,-0.25234606862068176,0.9990967512130737,-0.02379223331809044,-0.6379503607749939,-0.24876411259174347,0.9990391135215759,-0.021723665297031403,-0.6385841369628906,-0.24894535541534424,0.9990964531898499,-0.022359177470207214,-0.6376888155937195,-0.24488097429275513,0.9989465475082397,0.10434281080961227,-0.6201264262199402,-0.164918914437294,0.9992688298225403,-0.04425223544239998,-0.6426820755004883,-0.13121066987514496,0.9988556504249573,0.025579430162906647,-0.5659211874008179,-0.23505964875221252,0.9997285008430481,-0.017608094960451126,-0.5706755518913269,-0.2246469110250473,0.999691903591156,0.2074030637741089,-0.4180546998977661,-0.10634530335664749,0.9988197684288025,-0.12426837533712387,-0.4792937636375427,-0.06001999229192734,0.9995450973510742,0.22201932966709137,-0.15567663311958313,-0.08995217829942703,0.9323714375495911,-0.25566211342811584,-0.34126490354537964,-0.1695740818977356,0.9124054908752441,0.19688251614570618,0.047043461352586746,-0.1823294460773468,0.7080787420272827,-0.21411356329917908,-0.37117984890937805,-0.4224613308906555,0.7670257091522217,0.1808512806892395,0.10934166610240936,-0.1976933777332306,0.6237592101097107,-0.2218732237815857,-0.366972416639328,-0.4715297222137451,0.718267023563385,0.1654852330684662,0.10136701911687851,-0.23386192321777344,0.6699634790420532,-0.19691826403141022,-0.38285690546035767,-0.46988433599472046,0.7437970042228699,0.17916665971279144,0.05600333958864212,-0.1992335468530655,0.6458547115325928,-0.1969718039035797,-0.36854034662246704,-0.42987924814224243,0.7222813367843628,0.1065993681550026,-0.005131730809807777,-0.0005393626634031534,0.23261713981628418,-0.10511792451143265,-0.003369697369635105,0.00264834170229733,0.3079337775707245,0.12593752145767212,-0.01570430025458336,-0.05192875117063522,0.1845177710056305,-0.10280781984329224,0.06960799545049667,-0.10206517577171326,0.2349386215209961,0.13247305154800415,0.2759038209915161,0.17038452625274658,0.04494449868798256,-0.09368427097797394,0.424612432718277,0.11642734706401825,0.0903807282447815,0.13211657106876373,0.29387298226356506,0.18687990307807922,0.019935769960284233,-0.082967609167099,0.43973979353904724,0.13902468979358673,0.03290379047393799,0.1786244511604309,0.2603610157966614,-0.029415011405944824,0.04996499419212341,-0.08435017615556717,0.4558299779891968,-0.05434637516736984,0.07588735967874527,14,0.583,,,,,,,,,,,,,,,,,,,,,,,,,,,,,,,,,,,,,,,,,,,,,,,,,,,,,,,,,,,,,,,,,,,,,,,,,,,,,,,,,,,,
-0.0054597677662968636,-0.5940479040145874,-0.25982266664505005,0.999540388584137,0.012287209741771221,-0.6321515440940857,-0.253647118806839,0.9991966485977173,0.011658049188554287,-0.6318228840827942,-0.25578758120536804,0.9992607235908508,0.012200706638395786,-0.6317441463470459,-0.2536076307296753,0.9991576075553894,-0.023664722219109535,-0.6381579637527466,-0.2501923739910126,0.9991151690483093,-0.021604735404253006,-0.6387894749641418,-0.2503831386566162,0.9991668462753296,-0.02223879285156727,-0.6378903388977051,-0.2463245391845703,0.9990310072898865,0.10540284216403961,-0.620087206363678,-0.16717834770679474,0.99931800365448,-0.043797317892313004,-0.6424750685691833,-0.13320568203926086,0.9989445805549622,0.025289108976721764,-0.5660505890846252,-0.23605889081954956,0.9997442364692688,-0.018039533868432045,-0.5708138346672058,-0.22581985592842102,0.9997105598449707,0.20780423283576965,-0.4180326759815216,-0.10788225382566452,0.9987717866897583,-0.12307857722043991,-0.47883450984954834,-0.06046995893120766,0.9995458722114563,0.22154508531093597,-0.15599742531776428,-0.09140037000179291,0.9332603812217712,-0.24418744444847107,-0.3320709764957428,-0.1681193709373474,0.9172597527503967,0.19773399829864502,0.047269776463508606,-0.18286080658435822,0.7216765284538269,-0.21609465777873993,-0.36861297488212585,-0.4197123050689697,0.7862505316734314,0.18285085260868073,0.1097349002957344,-0.19821257889270782,0.6369690299034119,-0.22196128964424133,-0.36410558223724365,-0.4678300619125366,0.7387088537216187,0.167059987783432,0.10195188969373703,-0.23546597361564636,0.6822779774665833,-0.19872508943080902,-0.3791292607784271,-0.4665626883506775,0.7623260021209717,0.17993693053722382,0.05632955953478813,-0.20041200518608093,0.6588513851165771,-0.19932503998279572,-0.367193341255188,-0.4272102415561676,0.7407343983650208,0.1066705733537674,-0.005098305642604828,-0.0004558876680675894,0.23859857022762299,-0.10515386611223221,-0.0033944551832973957,0.0025713841896504164,0.3170609474182129,0.1254388391971588,-0.015122211538255215,-0.051911719143390656,0.18788892030715942,-0.10243969410657883,0.07034090906381607,-0.10203836113214493,0.23499785363674164,0.13329103589057922,0.2760070562362671,0.1706203818321228,0.045893505215644836,-0.09374912828207016,0.42559534311294556,0.1170058622956276,0.09072914719581604,0.13313452899456024,0.2940116822719574,0.18710577487945557,0.020402921363711357,-0.08318198472261429,0.44083037972450256,0.14059531688690186,0.032914407551288605,0.17962610721588135,0.261315256357193,-0.02831968292593956,0.0507466122508049,-0.08595196157693863,0.4560213088989258,-0.051507577300071716,0.07599017024040222,15,0.625,0.38903340697288513,0.6062208414077759,2.0764656483152066e-07,,0.38111168146133423,0.5904711484909058,-0.019781742244958878,,0.38047048449516296,0.5705452561378479,-0.03241211920976639,,0.3857508599758148,0.5567214488983154,-0.04188193753361702,,0.393383264541626,0.5411397814750671,-0.05149935558438301,,0.40717414021492004,0.5657605528831482,-0.031229451298713684,,0.4208703935146332,0.5620693564414978,-0.04728998988866806,,0.42977213859558105,0.5707032680511475,-0.05891577526926994,,0.4368250370025635,0.5839927792549133,-0.06596217304468155,,0.4159638285636902,0.5782856345176697,-0.027385827153921127,,0.43033158779144287,0.5791641473770142,-0.04358202591538429,,0.4381710886955261,0.591896116733551,-0.053467802703380585,,0.4428948163986206,0.6085168719291687,-0.05931122601032257,,0.4205697476863861,0.591765284538269,-0.024596823379397392,,0.433226078748703,0.5940841436386108,-0.03839108347892761,,0.43925294280052185,0.6049069762229919,-0.044226206839084625,,0.44293951988220215,0.6178890466690063,-0.047034699469804764,,0.42110249400138855,0.6040012240409851,-0.02308257296681404,,0.4312552511692047,0.6080841422080994,-0.03393421322107315,,0.435983806848526,0.6161332726478577,-0.03773371875286102,,0.43869882822036743,0.6256661415100098,-0.03938803821802139,
-0.005733115132898092,-0.5950096845626831,-0.26190197467803955,0.9995745420455933,0.01202312670648098,-0.6331707835197449,-0.2558748126029968,0.9992517232894897,0.011394628323614597,-0.6328409314155579,-0.25799545645713806,0.999305248260498,0.011934659443795681,-0.632755696773529,-0.2558228373527527,0.9992101788520813,-0.023909322917461395,-0.6390541791915894,-0.2523514926433563,0.9991816282272339,-0.021845294162631035,-0.6396929025650024,-0.25253576040267944,0.9992280006408691,-0.022479159757494926,-0.6387990117073059,-0.2484780102968216,0.9991046190261841,0.10520529001951218,-0.6205846667289734,-0.16919711232185364,0.9993603229522705,-0.04399554803967476,-0.642729640007019,-0.13464094698429108,0.9990237951278687,0.024953914806246758,-0.5668967962265015,-0.23796328902244568,0.9997572302818298,-0.018371932208538055,-0.5715444684028625,-0.22760391235351562,0.9997261762619019,0.2081315815448761,-0.41811245679855347,-0.10829339921474457,0.9986867308616638,-0.1227637305855751,-0.47857558727264404,-0.06073211506009102,0.9995361566543579,0.2212124466896057,-0.15730109810829163,-0.09219040721654892,0.9323248267173767,-0.244315043091774,-0.3312702476978302,-0.1673119068145752,0.9213668704032898,0.1972821056842804,0.04770360141992569,-0.18518275022506714,0.729327917098999,-0.2175138294696808,-0.36400073766708374,-0.41851842403411865,0.8024697303771973,0.18244677782058716,0.11052340269088745,-0.19993391633033752,0.6444120407104492,-0.22113415598869324,-0.35996243357658386,-0.46608492732048035,0.755396842956543,0.16645632684230804,0.10347791761159897,-0.23830750584602356,0.6892962455749512,-0.19970746338367462,-0.377023309469223,-0.4642288088798523,0.7774075269699097,0.17941923439502716,0.05713248997926712,-0.20307713747024536,0.6663542985916138,-0.2015453279018402,-0.36343491077423096,-0.4256487190723419,0.7554993629455566,0.10674156248569489,-0.005072101019322872,-0.0003984829818364233,0.24236668646335602,-0.10519632697105408,-0.003421101486310363,0.0025280595291405916,0.32287827134132385,0.12518098950386047,-0.014633784070611,-0.05163978040218353,0.19471853971481323,-0.10231658071279526,0.0707865059375763,-0.1019241213798523,0.2388438582420349,0.1332324892282486,0.2780781686306,0.1711224615573883,0.047800976783037186,-0.09379921108484268,0.42607638239860535,0.11821578443050385,0.09255889803171158,0.13305366039276123,0.29668116569519043,0.18778598308563232,0.02115635573863983,-0.0833013728260994,0.441530704498291,0.1417941153049469,0.03328748047351837,0.1795201152563095,0.26404017210006714,-0.02809058129787445,0.05251175910234451,-0.08694810420274734,0.45704352855682373,-0.0493803545832634,0.0773586556315422,16,0.667,0.39332127571105957,0.6292021870613098,1.1539725619513774e-07,,0.4067903161048889,0.6309067606925964,-0.004205992911010981,,0.41975781321525574,0.6251862645149231,-0.00881095789372921,,0.4286864697933197,0.6201923489570618,-0.013732616789638996,,0.4364849328994751,0.6223459839820862,-0.01957126148045063,,0.42965951561927795,0.5919093489646912,-0.011723900213837624,,0.43869346380233765,0.5971278548240662,-0.022137988358736038,,0.4423619210720062,0.6148430705070496,-0.030173586681485176,,0.4453137516975403,0.6327606439590454,-0.03530440106987953,,0.4201013743877411,0.5816977620124817,-0.015253490768373013,,0.4289635121822357,0.5889704823493958,-0.023601273074746132,,0.4341607689857483,0.6088692545890808,-0.028433822095394135,,0.4375414550304413,0.6264294981956482,-0.03206987679004669,,0.4064430296421051,0.5773572325706482,-0.019352398812770844,,0.4128761291503906,0.5791335105895996,-0.027294784784317017,,0.4174259901046753,0.5952584743499756,-0.028959354385733604,,0.42081958055496216,0.6093558669090271,-0.03010367415845394,,0.390281081199646,0.5770714282989502,-0.023774707689881325,,0.39379945397377014,0.5733358263969421,-0.029421215876936913,,0.39671698212623596,0.5807884931564331,-0.029197726398706436,,0.3984188437461853,0.5887805223464966,-0.028883343562483788,
-0.00586343090981245,-0.5958353281021118,-0.2615536153316498,0.9996021389961243,0.011709732003509998,-0.6339066624641418,-0.25557026267051697,0.9992931485176086,0.01108592003583908,-0.6335936188697815,-0.25767308473587036,0.9993348121643066,0.011628016829490662,-0.6335166692733765,-0.2555026710033417,0.9992458820343018,-0.024087850004434586,-0.6396651268005371,-0.2519419193267822,0.9992360472679138,-0.022026853635907173,-0.640312135219574,-0.2521607577800751,0.9992780685424805,-0.022655075415968895,-0.6394270658493042,-0.24809850752353668,0.9991666674613953,0.1037527322769165,-0.6215588450431824,-0.16939768195152283,0.9993900060653687,-0.04414846748113632,-0.6431965231895447,-0.13513532280921936,0.999093234539032,0.024381719529628754,-0.5679032206535339,-0.23784467577934265,0.9997655153274536,-0.018601685762405396,-0.5723591446876526,-0.22745561599731445,0.9997394680976868,0.20695804059505463,-0.41892051696777344,-0.10882614552974701,0.9985641241073608,-0.12302776426076889,-0.4789701998233795,-0.060868099331855774,0.9995328187942505,0.2191702276468277,-0.1579563468694687,-0.09294170886278152,0.9335145354270935,-0.24620144069194794,-0.33088433742523193,-0.16699251532554626,0.926325798034668,0.19520556926727295,0.047941699624061584,-0.18474845588207245,0.7444862127304077,-0.21683956682682037,-0.3556566536426544,-0.4158085286617279,0.8192707896232605,0.18053759634494781,0.11080802977085114,-0.1997094601392746,0.6595415472984314,-0.2142341434955597,-0.3521166145801544,-0.464814692735672,0.7734028100967407,0.16583026945590973,0.10445369780063629,-0.23695605993270874,0.702137291431427,-0.1928856521844864,-0.3731299042701721,-0.4604437053203583,0.7933951020240784,0.17822961509227753,0.05754580721259117,-0.2021874487400055,0.6803311109542847,-0.20058120787143707,-0.3568022549152374,-0.42216411232948303,0.7718563675880432,0.1066487655043602,-0.005058611277490854,-0.0003956631408073008,0.25475290417671204,-0.10517384856939316,-0.003438153536990285,0.0025134701281785965,0.33888188004493713,0.12568135559558868,0.005110732279717922,-0.04505487531423569,0.20031429827213287,-0.10194713622331619,0.09445905685424805,-0.09496936202049255,0.2413935512304306,0.1342407613992691,0.2896082103252411,0.17033706605434418,0.04871180281043053,-0.08941376209259033,0.4291798770427704,0.12006012350320816,0.09255971759557724,0.13423484563827515,0.30837610363960266,0.18620836734771729,0.021424978971481323,-0.07873334735631943,0.44486480951309204,0.14368093013763428,0.03319782018661499,0.18024799227714539,0.28868401050567627,-0.025856008753180504,0.05334283411502838,-0.08429905027151108,0.47051605582237244,-0.047524210065603256,0.07767505198717117,17,0.709,,,,,,,,,,,,,,,,,,,,,,,,,,,,,,,,,,,,,,,,,,,,,,,,,,,,,,,,,,,,,,,,,,,,,,,,,,,,,,,,,,,,
-0.010248275473713875,-0.6003646850585938,-0.2482226938009262,0.9996306300163269,0.007365452125668526,-0.6380890011787415,-0.24119877815246582,0.999340832233429,0.00680911261588335,-0.6378140449523926,-0.2432480901479721,0.9993731379508972,0.00735177518799901,-0.6377545595169067,-0.24102705717086792,0.9992886781692505,-0.027738243341445923,-0.6447403430938721,-0.2374594658613205,0.9992946982383728,-0.025647079572081566,-0.6454111933708191,-0.23766514658927917,0.9993329048156738,-0.026274237781763077,-0.6445635557174683,-0.2336462289094925,0.9992315769195557,0.09859760105609894,-0.6241896152496338,-0.15463599562644958,0.999423623085022,-0.04721193388104439,-0.6498271226882935,-0.12397215515375137,0.9991652965545654,0.01869240775704384,-0.5719781517982483,-0.2248455286026001,0.9997722506523132,-0.0235686507076025,-0.5773383975028992,-0.2153131663799286,0.9997512102127075,0.20499640703201294,-0.4189282953739166,-0.10475266724824905,0.9981144070625305,-0.12505768239498138,-0.48702290654182434,-0.058551836758852005,0.9995076060295105,0.21309787034988403,-0.15915128588676453,-0.09211026132106781,0.9289543032646179,-0.23965121805667877,-0.3374813497066498,-0.174106165766716,0.9299522638320923,0.18412567675113678,0.04085894674062729,-0.1809389740228653,0.7528035640716553,-0.21558041870594025,-0.33448347449302673,-0.4470994472503662,0.8338475227355957,0.1686052829027176,0.10270466655492783,-0.1971324384212494,0.6704676747322083,-0.21436820924282074,-0.3223392367362976,-0.5060199499130249,0.790151059627533,0.1541098654270172,0.09182529151439667,-0.23532988131046295,0.7117154002189636,-0.19246625900268555,-0.338256299495697,-0.5068843960762024,0.8086096048355103,0.16738563776016235,0.04857341945171356,-0.19901858270168304,0.690828800201416,-0.19945727288722992,-0.33096304535865784,-0.45620250701904297,0.7880735993385315,0.10662785917520523,-0.004979752469807863,0.00010181458492297679,0.28640666604042053,-0.1052071824669838,-0.003560213837772608,0.0020042702089995146,0.37395980954170227,0.12357161939144135,0.02943532168865204,-0.03755125775933266,0.22699154913425446,-0.10141467303037643,0.14021949470043182,-0.09384490549564362,0.2633683383464813,0.1295257955789566,0.33167919516563416,0.1478571891784668,0.05827058479189873,-0.08894891291856766,0.4627317488193512,0.09467723965644836,0.10750479251146317,0.12883932888507843,0.3550006151199341,0.1596134901046753,0.023925404995679855,-0.07882887125015259,0.48067474365234375,0.11086934059858322,0.03631960228085518,0.17404679954051971,0.34629058837890625,-0.03672219440340996,0.06336872279644012,-0.08725729584693909,0.5123379230499268,-0.07574304193258286,0.09085258841514587,18,0.75,0.40669822692871094,0.6654233336448669,2.731807740019576e-07,,0.422002375125885,0.6846089959144592,-0.010521897114813328,,0.4342479705810547,0.7072922587394714,-0.01903664506971836,,0.4360460937023163,0.7305537462234497,-0.024907857179641724,,0.438146710395813,0.7501495480537415,-0.030659375712275505,,0.4325372576713562,0.6756336092948914,-0.032483380287885666,,0.43707770109176636,0.726110577583313,-0.04363575205206871,,0.437655508518219,0.7602483034133911,-0.04880862683057785,,0.43733033537864685,0.7886215448379517,-0.05178231745958328,,0.41462016105651855,0.6732984185218811,-0.03181835636496544,,0.4159679412841797,0.7249839901924133,-0.043163299560546875,,0.4171625077724457,0.7645255327224731,-0.04736700654029846,,0.41757816076278687,0.7962049245834351,-0.04990892484784126,,0.39651843905448914,0.6727065443992615,-0.030265234410762787,,0.3943130075931549,0.7204728722572327,-0.04171312227845192,,0.39609459042549133,0.7479183077812195,-0.04477887228131294,,0.3988986313343048,0.7664074301719666,-0.045389626175165176,,0.3794461488723755,0.6756113171577454,-0.02858755737543106,,0.37470829486846924,0.708258867263794,-0.03857112675905228,,0.3754825294017792,0.7322332262992859,-0.0409574881196022,,0.37795114517211914,0.7525153160095215,-0.041337206959724426,
-0.019503088667988777,-0.6046281456947327,-0.24006012082099915,0.999657928943634,-0.0024325051344931126,-0.6424655914306641,-0.23224444687366486,0.9993882775306702,-0.002920138416811824,-0.6422191858291626,-0.2342923879623413,0.999413013458252,-0.002398979850113392,-0.6421927809715271,-0.23211754858493805,0.999333381652832,-0.03784700483083725,-0.6494847536087036,-0.2286999523639679,0.9993510842323303,-0.03567904978990555,-0.650200605392456,-0.2289905846118927,0.9993855953216553,-0.03632771968841553,-0.6493963599205017,-0.2250557690858841,0.9992934465408325,0.09017426520586014,-0.6293044686317444,-0.14409324526786804,0.9994533061981201,-0.05691242218017578,-0.6571387052536011,-0.11573586612939835,0.9992333650588989,0.010008987970650196,-0.5766268372535706,-0.21587342023849487,0.9997757077217102,-0.032606739550828934,-0.5823256969451904,-0.20715758204460144,0.9997608065605164,0.20157143473625183,-0.42175233364105225,-0.10111123323440552,0.9973881244659424,-0.13248544931411743,-0.49551960825920105,-0.057014379650354385,0.9994634389877319,0.20205943286418915,-0.16694055497646332,-0.09692090004682541,0.9215384721755981,-0.2393236607313156,-0.3428730070590973,-0.1731860190629959,0.9326937794685364,0.18056361377239227,0.038102347403764725,-0.19373908638954163,0.7566215991973877,-0.22333981096744537,-0.2809705138206482,-0.44226041436195374,0.8449081778526306,0.16820168495178223,0.10279008001089096,-0.2185296267271042,0.678109347820282,-0.23183834552764893,-0.2518284320831299,-0.5007012486457825,0.8024726510047913,0.15301406383514404,0.09193237870931625,-0.261463463306427,0.7190871238708496,-0.20516934990882874,-0.2598585784435272,-0.50861656665802,0.8201963305473328,0.16462472081184387,0.04647643491625786,-0.21564063429832458,0.6994929313659668,-0.2078527808189392,-0.27026093006134033,-0.4533022344112396,0.8010120391845703,0.10653266310691833,-0.005073314066976309,0.0012468384811654687,0.3192700743675232,-0.10523535311222076,-0.003526166547089815,0.0007772966637276113,0.4104229807853699,0.12180335819721222,0.043712861835956573,-0.026954540982842445,0.24691061675548553,-0.09871099144220352,0.17855122685432434,-0.0906275138258934,0.2836061418056488,0.12607327103614807,0.3480167090892792,0.1405385136604309,0.06597425043582916,-0.08972948789596558,0.48222795128822327,0.08097396790981293,0.12281292676925659,0.12501779198646545,0.3722221255302429,0.15129417181015015,0.02590431272983551,-0.08098014444112778,0.5014119744300842,0.09376446902751923,0.03920958936214447,0.17246286571025848,0.37516453862190247,-0.03558261692523956,0.07245761156082153,-0.09598685055971146,0.5382405519485474,-0.08653927594423294,0.10491783171892166,19,0.792,0.38392016291618347,0.6623476147651672,1.733921948243733e-07,,0.41309934854507446,0.6943735480308533,-0.0024804663844406605,,0.43530261516571045,0.7543396353721619,-0.006385892629623413,,0.4449695348739624,0.8142964243888855,-0.010382591746747494,,0.4527832269668579,0.8593616485595703,-0.01402359176427126,,0.4407852590084076,0.7386164665222168,-0.013577680103480816,,0.44605839252471924,0.8040028810501099,-0.024123694747686386,,0.4450155198574066,0.8449690341949463,-0.02906227670609951,,0.44381609559059143,0.8747284412384033,-0.03134429082274437,,0.42397964000701904,0.7445729970932007,-0.018270138651132584,,0.4320460855960846,0.8238782286643982,-0.027710309252142906,,0.43543124198913574,0.8764031529426575,-0.03240013122558594,,0.4384033977985382,0.9151891469955444,-0.03549143299460411,,0.4024987816810608,0.7509223818778992,-0.02310772053897381,,0.4094045162200928,0.8284543752670288,-0.03217732161283493,,0.4129701554775238,0.8767397999763489,-0.03631551191210747,,0.41644495725631714,0.9126428365707397,-0.03846815600991249,,0.37822720408439636,0.7563124299049377,-0.027760885655879974,,0.38207918405532837,0.8185272812843323,-0.03470294177532196,,0.38496553897857666,0.8573793172836304,-0.03714930638670921,,0.3868924081325531,0.8899568319320679,-0.03839200735092163,
-0.020869756117463112,-0.6042718291282654,-0.2580875754356384,0.9996580481529236,-0.002757504815235734,-0.64217209815979,-0.2525545358657837,0.999389111995697,-0.00323803280480206,-0.6419094800949097,-0.254522442817688,0.9994120001792908,-0.0027381419204175472,-0.6418907046318054,-0.2524585425853729,0.9993304014205933,-0.03836429864168167,-0.6490116715431213,-0.2461615800857544,0.9993500709533691,-0.03621561452746391,-0.649723470211029,-0.24627742171287537,0.9993823170661926,-0.036867011338472366,-0.6489089727401733,-0.2424345463514328,0.9992918968200684,0.09224697947502136,-0.628999650478363,-0.17519895732402802,0.9994297027587891,-0.0548238605260849,-0.6558905839920044,-0.12766024470329285,0.9992364048957825,0.0101016815751791,-0.5763421654701233,-0.23660589754581451,0.9997714757919312,-0.03255463019013405,-0.5818318724632263,-0.22249023616313934,0.9997556209564209,0.2050521820783615,-0.4215205907821655,-0.13218678534030914,0.9975067973136902,-0.13227805495262146,-0.49232158064842224,-0.07454902678728104,0.9994763135910034,0.20561867952346802,-0.1668037325143814,-0.12259750068187714,0.9193100333213806,-0.2501823306083679,-0.3123205602169037,-0.11367665231227875,0.9338902235031128,0.19320978224277496,0.038344595581293106,-0.20804648101329803,0.7385618090629578,-0.22322437167167664,-0.16086359322071075,-0.28818050026893616,0.8380587697029114,0.1868484616279602,0.10320979356765747,-0.23186726868152618,0.6585469841957092,-0.22615393996238708,-0.1041756421327591,-0.3182455599308014,0.7885342240333557,0.16565629839897156,0.09295614808797836,-0.27897971868515015,0.7040213942527771,-0.194741353392601,-0.10749483108520508,-0.34675729274749756,0.8099929094314575,0.17579853534698486,0.04747055098414421,-0.23081527650356293,0.6836581826210022,-0.20585057139396667,-0.14433614909648895,-0.3038274645805359,0.7907736301422119,0.10660921037197113,-0.004910854157060385,-0.001013217493891716,0.31113114953041077,-0.10530249774456024,-0.003648994956165552,0.003049259539693594,0.39984220266342163,0.11224593222141266,0.032619401812553406,-0.04870079085230827,0.24142508208751678,-0.09692799299955368,0.16263075172901154,-0.09637832641601562,0.2762537896633148,0.13171838223934174,0.3416178822517395,0.13788306713104248,0.0649176761507988,-0.09166740626096725,0.47572213411331177,0.09300535917282104,0.11879710853099823,0.1327427625656128,0.36479875445365906,0.15228645503520966,0.025205977261066437,-0.08545581996440887,0.49398595094680786,0.11901713162660599,0.03796375170350075,0.17728039622306824,0.35980433225631714,-0.049869246780872345,0.07130195200443268,-0.11229034513235092,0.5318563580513,-0.055707208812236786,0.10179544985294342,20,0.834,0.38710635900497437,0.8123575448989868,6.195722335178289e-08,,0.4195467233657837,0.8528872728347778,-0.0014967028982937336,,0.4443494975566864,0.9109610319137573,-0.003192899050191045,,0.4618019163608551,0.9538084864616394,-0.005500924773514271,,0.4744945168495178,0.9886638522148132,-0.007549983449280262,,0.4324536919593811,0.9597297310829163,-0.00037163644446991384,,0.44579291343688965,1.0288188457489014,-0.00708443159237504,,0.4526229798793793,1.0666108131408691,-0.012524127028882504,,0.45747125148773193,1.0930578708648682,-0.015668435022234917,,0.41517573595046997,0.9685284495353699,-0.0036020928528159857,,0.4273488521575928,1.0410194396972656,-0.007656970992684364,,0.4344749450683594,1.0774991512298584,-0.011462618596851826,,0.43938738107681274,1.1052653789520264,-0.014214630238711834,,0.39769238233566284,0.9686043858528137,-0.007460324559360743,,0.40806445479393005,1.0370455980300903,-0.011148009449243546,,0.41340163350105286,1.0700823068618774,-0.010063220746815205,,0.4172937572002411,1.0965309143066406,-0.009132578037679195,,0.3814243674278259,0.9609566330909729,-0.011689881794154644,,0.38681066036224365,1.0184314250946045,-0.013542292639613152,,0.39095500111579895,1.0515391826629639,-0.010705968365073204,,0.3949918746948242,1.0779894590377808,-0.008146126754581928,
-0.02136106789112091,-0.6038964986801147,-0.2885935306549072,0.9996631145477295,-0.002723125508055091,-0.6418451070785522,-0.28333625197410583,0.999396562576294,-0.0031928326934576035,-0.6415841579437256,-0.285126268863678,0.9994232654571533,-0.0027113230898976326,-0.6415640711784363,-0.28323331475257874,0.99933922290802,-0.03878678381443024,-0.6487241387367249,-0.27763137221336365,0.9993513822555542,-0.03663843497633934,-0.6493927836418152,-0.2776492238044739,0.9993829131126404,-0.03728567063808441,-0.6485443115234375,-0.2738490104675293,0.9992910027503967,0.092460036277771,-0.6288078427314758,-0.20481596887111664,0.9994226098060608,-0.055066537111997604,-0.650352418422699,-0.15275788307189941,0.9992436170578003,0.0101002873852849,-0.5760275721549988,-0.26612529158592224,0.9997735023498535,-0.032901354134082794,-0.5813250541687012,-0.2506948411464691,0.9997556209564209,0.20473675429821014,-0.42235714197158813,-0.15309245884418488,0.9976933598518372,-0.13313472270965576,-0.47788000106811523,-0.10247481614351273,0.9994924068450928,0.21078696846961975,-0.1723250448703766,-0.14597386121749878,0.9162319302558899,-0.25325632095336914,-0.2813945710659027,-0.090288445353508,0.9345301985740662,0.1930527687072754,0.02589474618434906,-0.23178502917289734,0.6966180205345154,-0.23969541490077972,-0.10205686837434769,-0.20223547518253326,0.8095940351486206,0.18595631420612335,0.0946437194943428,-0.25315678119659424,0.615890383720398,-0.23817943036556244,-0.03885708004236221,-0.21364861726760864,0.7508707046508789,0.16028720140457153,0.08870828151702881,-0.30108487606048584,0.6653897762298584,-0.2155800461769104,-0.03341948613524437,-0.2542996406555176,0.7785230278968811,0.17371866106987,0.037691038101911545,-0.2545875608921051,0.6434635519981384,-0.22317001223564148,-0.08161303400993347,-0.22083668410778046,0.758544385433197,0.10663808882236481,-0.004869839642196894,-0.0021183290518820286,0.29120221734046936,-0.10533258318901062,-0.0036888024769723415,0.0041322773322463036,0.3738155663013458,0.09312861412763596,0.0034645097330212593,-0.055160023272037506,0.22946815192699432,-0.09657875448465347,0.15043768286705017,-0.1002439633011818,0.2643375098705292,0.13615472614765167,0.3189513385295868,0.14049182832241058,0.062343861907720566,-0.10839139670133591,0.48089689016342163,0.12927380204200745,0.11311895400285721,0.13946250081062317,0.3394465446472168,0.15278679132461548,0.02387985587120056,-0.1079820916056633,0.49973997473716736,0.1659296602010727,0.036088116466999054,0.1838146448135376,0.3167320489883423,-0.051061417907476425,0.06870748102664948,-0.1483340561389923,0.5217044949531555,-0.011588073335587978,0.0970621407032013,21,0.875,,,,,,,,,,,,,,,,,,,,,,,,,,,,,,,,,,,,,,,,,,,,,,,,,,,,,,,,,,,,,,,,,,,,,,,,,,,,,,,,,,,,
-0.021471446380019188,-0.6037624478340149,-0.3058494031429291,0.9996684789657593,-0.002650670474395156,-0.6412132978439331,-0.30063456296920776,0.9994065165519714,-0.0031160369981080294,-0.6409232020378113,-0.3024083077907562,0.9994376301765442,-0.002639506012201309,-0.6408920288085938,-0.30053484439849854,0.9993522763252258,-0.03872625529766083,-0.6475852727890015,-0.29481741786003113,0.9993546605110168,-0.036580607295036316,-0.6481992602348328,-0.2947552800178528,0.9993852972984314,-0.037225428968667984,-0.647294819355011,-0.29092860221862793,0.9992903470993042,0.09339465945959091,-0.6253892183303833,-0.2209666520357132,0.9994262456893921,-0.05505168437957764,-0.6439313292503357,-0.1665598303079605,0.9992477297782898,0.010116747580468655,-0.57541424036026,-0.28309768438339233,0.9997782111167908,-0.03318920359015465,-0.5800748467445374,-0.2669418454170227,0.9997572302818298,0.20377935469150543,-0.4210285544395447,-0.16853345930576324,0.9978690147399902,-0.13357627391815186,-0.4666956961154938,-0.11351490020751953,0.9995002746582031,0.21226666867733002,-0.17198427021503448,-0.16549642384052277,0.9124901294708252,-0.24948686361312866,-0.2655162811279297,-0.08041644096374512,0.932805597782135,0.1929451823234558,0.0271140243858099,-0.2585398256778717,0.6529410481452942,-0.26957595348358154,-0.08215963840484619,-0.18220870196819305,0.7749114632606506,0.18524008989334106,0.09594328701496124,-0.27850666642189026,0.5734785795211792,-0.2770717740058899,-0.017401322722434998,-0.18900315463542938,0.7104942202568054,0.15786020457744598,0.09022901207208633,-0.327751100063324,0.6263116598129272,-0.26604628562927246,-0.005050178617238998,-0.23691542446613312,0.7443658113479614,0.17203442752361298,0.0392523892223835,-0.2816552519798279,0.6033142805099487,-0.2585223615169525,-0.05826672539114952,-0.20393157005310059,0.7244921922683716,0.10669972747564316,-0.004620665684342384,-0.004389914683997631,0.2705787420272827,-0.105356864631176,-0.003894387511536479,0.006426013074815273,0.3467335104942322,0.08371879160404205,-0.013231982477009296,-0.06610389798879623,0.21759463846683502,-0.09661228954792023,0.1444758027791977,-0.10457425564527512,0.25125178694725037,0.1399759203195572,0.2991238534450531,0.1424272209405899,0.05948400869965553,-0.11444050073623657,0.480488121509552,0.14835381507873535,0.10697820037603378,0.1444118767976761,0.317538857460022,0.15506479144096375,0.02252829819917679,-0.1152610331773758,0.49921470880508423,0.1884511411190033,0.034203507006168365,0.18483798205852509,0.2835276424884796,-0.05780094489455223,0.06549577414989471,-0.1595003753900528,0.518975019454956,0.008702829480171204,0.09156722575426102,22,0.917,,,,,,,,,,,,,,,,,,,,,,,,,,,,,,,,,,,,,,,,,,,,,,,,,,,,,,,,,,,,,,,,,,,,,,,,,,,,,,,,,,,,
