frame,hand_index,landmark_index,x,y,z
12,0,0,0.4346383810043335,0.811165988445282,3.2527280868777098e-09
12,0,1,0.4762633442878723,0.8103957176208496,0.011960898526012897
12,0,2,0.5151523351669312,0.8259819149971008,0.007932204753160477
12,0,3,0.5410593152046204,0.8449536561965942,0.0021219789050519466
12,0,4,0.5565152168273926,0.8543250560760498,-0.0032212836667895317
12,0,5,0.5240022540092468,0.8398554921150208,-0.019884565845131874
12,0,6,0.5476529002189636,0.8789175748825073,-0.0161599088460207
12,0,7,0.535515308380127,0.8807660341262817,-0.005560117773711681
12,0,8,0.5247818827629089,0.8719070553779602,0.00029270414961501956
12,0,9,0.5026513934135437,0.8531936407089233,-0.02966565079987049
12,0,10,0.5240528583526611,0.8885622024536133,-0.024145709350705147
12,0,11,0.514700710773468,0.8877977132797241,-0.010160156525671482
12,0,12,0.5049275159835815,0.8797678351402283,-0.0029804413206875324
12,0,13,0.47750675678253174,0.8646339178085327,-0.03523244336247444
12,0,14,0.49824538826942444,0.8949402570724487,-0.02551816962659359
12,0,15,0.4906441271305084,0.893223226070404,-0.008096590638160706
12,0,16,0.481548011302948,0.8858456611633301,0.0001066269469447434
12,0,17,0.4525054693222046,0.8744227290153503,-0.04016543924808502
12,0,18,0.47008684277534485,0.8959702849388123,-0.02901359461247921
12,0,19,0.46496525406837463,0.8913395404815674,-0.014972199685871601
12,0,20,0.4568556845188141,0.8850520253181458,-0.007031838875263929
13,0,0,0.4341706335544586,0.7576684951782227,5.723795215573091e-09
13,0,1,0.47103404998779297,0.7454728484153748,0.0096565131098032
13,0,2,0.5136117935180664,0.7437053918838501,0.0004775813140440732
13,0,3,0.5444386601448059,0.7451401352882385,-0.010923787951469421
13,0,4,0.5620250105857849,0.7408481240272522,-0.021468928083777428
13,0,5,0.5160820484161377,0.7312025427818298,-0.03117738850414753
13,0,6,0.5491417050361633,0.7628402709960938,-0.039843834936618805
13,0,7,0.5400263071060181,0.7768251299858093,-0.037010978907346725
13,0,8,0.5305395126342773,0.7784692645072937,-0.03600652143359184
13,0,9,0.49899572134017944,0.7419449687004089,-0.0454442985355854
13,0,10,0.5318088531494141,0.7811607718467712,-0.056519024074077606
13,0,11,0.5235980749130249,0.7886530160903931,-0.04937318339943886
13,0,12,0.5140635371208191,0.7853209972381592,-0.04536258801817894
13,0,13,0.479824036359787,0.7567728757858276,-0.055886294692754745
13,0,14,0.5097115635871887,0.7938147783279419,-0.060632698237895966
13,0,15,0.5018142461776733,0.7980015277862549,-0.04525100439786911
13,0,16,0.49235838651657104,0.7937749624252319,-0.03646343573927879
13,0,17,0.46090781688690186,0.7728084325790405,-0.06593155115842819
13,0,18,0.48314589262008667,0.802370548248291,-0.06577654927968979
13,0,19,0.47820788621902466,0.8033587336540222,-0.0539301261305809
13,0,20,0.47150731086730957,0.7989809513092041,-0.04653707146644592
14,0,0,0.44126951694488525,0.7278409004211426,5.190386787035095e-09
14,0,1,0.4721081256866455,0.7102974057197571,0.00657215341925621
14,0,2,0.5105303525924683,0.6993213295936584,-0.0022606977727264166
14,0,3,0.5388256907463074,0.693472683429718,-0.013106036931276321
14,0,4,0.5558000802993774,0.6858161091804504,-0.023236390203237534
14,0,5,0.5124076008796692,0.6797645092010498,-0.023921236395835876
14,0,6,0.5432620644569397,0.7086682915687561,-0.030699817463755608
14,0,7,0.5351557731628418,0.7192217707633972,-0.029355695471167564
14,0,8,0.5267068147659302,0.7174180150032043,-0.03006456419825554
14,0,9,0.49641552567481995,0.688998818397522,-0.03659662976861
14,0,10,0.5275557041168213,0.7244705557823181,-0.045518431812524796
14,0,11,0.5187113285064697,0.730895459651947,-0.04120064526796341
14,0,12,0.5104043483734131,0.7265116572380066,-0.03971179947257042
14,0,13,0.47971776127815247,0.7041564583778381,-0.04603506252169609
14,0,14,0.5096885561943054,0.7373952269554138,-0.0502551794052124
14,0,15,0.500994086265564,0.7408052682876587,-0.03830878809094429
14,0,16,0.491553395986557,0.7352905869483948,-0.03210388123989105
14,0,17,0.4634205102920532,0.7220392823219299,-0.055357590317726135
14,0,18,0.4886852502822876,0.7485665082931519,-0.05602750554680824
14,0,19,0.48200514912605286,0.7497912645339966,-0.04636596143245697
14,0,20,0.4736514389514923,0.7442229986190796,-0.04056670516729355
14,1,0,0.44468408823013306,0.7467045187950134,2.44916753544544e-09
14,1,1,0.48335355520248413,0.7327120304107666,0.009348921477794647
14,1,2,0.5182026624679565,0.7178592085838318,0.0035248843487352133
14,1,3,0.5424216389656067,0.7059112787246704,-0.004045938141644001
14,1,4,0.5573338866233826,0.6885360479354858,-0.010678807273507118
14,1,5,0.5250900387763977,0.7072731256484985,-0.0200311541557312
14,1,6,0.5486809015274048,0.7207803726196289,-0.02628275752067566
14,1,7,0.5375767946243286,0.7236536741256714,-0.024962669238448143
14,1,8,0.5286104679107666,0.7197251319885254,-0.025382710620760918
14,1,9,0.5096898078918457,0.7157714366912842,-0.032555509358644485
14,1,10,0.5310280919075012,0.7328362464904785,-0.042067449539899826
14,1,11,0.5226628184318542,0.7331399321556091,-0.0381307415664196
14,1,12,0.515131950378418,0.7274288535118103,-0.036483995616436005
14,1,13,0.4912148416042328,0.7273491621017456,-0.04203348234295845
14,1,14,0.5123724937438965,0.7448340654373169,-0.0475686676800251
14,1,15,0.5045009851455688,0.7440470457077026,-0.03649083524942398
14,1,16,0.49709150195121765,0.7377686500549316,-0.03029276803135872
14,1,17,0.47282859683036804,0.7403558492660522,-0.05080252140760422
14,1,18,0.49037033319473267,0.7563436627388,-0.05281282588839531
14,1,19,0.4834815561771393,0.7537112832069397,-0.044017236679792404
14,1,20,0.47720596194267273,0.7462366819381714,-0.03841561824083328
15,0,0,0.44793900847435,0.7300880551338196,1.6761554366695464e-09
15,0,1,0.48432886600494385,0.7168522477149963,0.007880554534494877
15,0,2,0.5131785869598389,0.6998663544654846,0.003178907558321953
15,0,3,0.5312550663948059,0.6835783123970032,-0.00408637709915638
15,0,4,0.5455431342124939,0.6632810831069946,-0.01170820277184248
15,0,5,0.5184933543205261,0.7060869336128235,-0.010640665888786316
15,0,6,0.5387195348739624,0.6901625990867615,-0.021428387612104416
15,0,7,0.5482290983200073,0.6776633262634277,-0.027796803042292595
15,0,8,0.5546117424964905,0.6666356921195984,-0.03279117867350578
15,0,9,0.5091078281402588,0.7077844142913818,-0.02283407934010029
15,0,10,0.528354287147522,0.6908705830574036,-0.035455815494060516
15,0,11,0.5381313562393188,0.6785821318626404,-0.04138961061835289
15,0,12,0.5455037355422974,0.6676189303398132,-0.04640459269285202
15,0,13,0.4948013126850128,0.708014190196991,-0.03360902518033981
15,0,14,0.5128133296966553,0.6968851685523987,-0.04336009547114372
15,0,15,0.5201176404953003,0.6892862319946289,-0.04407934844493866
15,0,16,0.5253075957298279,0.6824421286582947,-0.045316148549318314
15,0,17,0.477143257856369,0.7064923644065857,-0.04382441192865372
15,0,18,0.4898737668991089,0.7014912366867065,-0.04991207271814346
15,0,19,0.49373018741607666,0.697260856628418,-0.04926940053701401
15,0,20,0.49711909890174866,0.6929996013641357,-0.04974345490336418
16,0,0,0.4594801068305969,0.6800282597541809,1.7488392956011012e-09
16,0,1,0.4951229989528656,0.6744867563247681,-0.0018614802975207567
16,0,2,0.5248051285743713,0.6499620676040649,-0.011457277461886406
16,0,3,0.5399371981620789,0.6273513436317444,-0.022764816880226135
16,0,4,0.548729419708252,0.6066884994506836,-0.0336780920624733
16,0,5,0.5154763460159302,0.6166539192199707,-0.016584832221269608
16,0,6,0.5384955406188965,0.6226794719696045,-0.026818135753273964
16,0,7,0.5445870161056519,0.6315484046936035,-0.03177487850189209
16,0,8,0.5487417578697205,0.6279358267784119,-0.0362495519220829
16,0,9,0.5004949569702148,0.6172860264778137,-0.025340314954519272
16,0,10,0.5264917612075806,0.6282065510749817,-0.03789220005273819
16,0,11,0.525563657283783,0.646851122379303,-0.03933453932404518
16,0,12,0.5205467343330383,0.652503252029419,-0.04003298655152321
16,0,13,0.48573294281959534,0.6232261657714844,-0.033419378101825714
16,0,14,0.512592613697052,0.6352776288986206,-0.042992137372493744
16,0,15,0.5118257999420166,0.6535323858261108,-0.03738986700773239
16,0,16,0.505278468132019,0.6583908200263977,-0.033631548285484314
16,0,17,0.4717246890068054,0.6332896947860718,-0.04237085580825806
16,0,18,0.49704116582870483,0.6438842415809631,-0.0467834547162056
16,0,19,0.4975104331970215,0.6577286720275879,-0.0413653738796711
16,0,20,0.491070955991745,0.6617591977119446,-0.03760316222906113
16,1,0,0.4487684369087219,0.698495626449585,2.4591157998798963e-09
16,1,1,0.4727180600166321,0.6904910206794739,0.00254338257946074
16,1,2,0.4945656955242157,0.6788256764411926,0.003981254994869232
16,1,3,0.5088524222373962,0.669723391532898,0.0039699566550552845
16,1,4,0.5173925161361694,0.6592944860458374,0.0037032475229352713
16,1,5,0.5158747434616089,0.6811169981956482,0.008304616436362267
16,1,6,0.536234438419342,0.6590957045555115,0.008030364289879799
16,1,7,0.5483190417289734,0.6422145366668701,0.005434098653495312
16,1,8,0.5576854348182678,0.6278800368309021,0.003016618313267827
16,1,9,0.5116648077964783,0.6792727112770081,0.004658530931919813
16,1,10,0.5325802564620972,0.6577348113059998,0.004262097179889679
16,1,11,0.5465635061264038,0.6406236886978149,0.00010892187128774822
16,1,12,0.5554980635643005,0.6258816123008728,-0.0037805656902492046
16,1,13,0.5044624209403992,0.6753148436546326,0.000673622649628669
16,1,14,0.5256480574607849,0.6574141979217529,-0.0006197254406288266
16,1,15,0.5385264158248901,0.6429731845855713,-0.0047717466950416565
16,1,16,0.5463414192199707,0.6302784085273743,-0.008263805881142616
16,1,17,0.49424076080322266,0.66968834400177,-0.0037029976956546307
16,1,18,0.5104308128356934,0.6563614010810852,-0.005388974212110043
16,1,19,0.519578754901886,0.647204577922821,-0.007588590029627085
16,1,20,0.525455117225647,0.639092743396759,-0.009865684434771538
17,0,0,0.4550158977508545,0.6700003147125244,3.0784228499669553e-09
17,0,1,0.47027361392974854,0.6433004140853882,0.00016200411482714117
17,0,2,0.48921045660972595,0.6269580125808716,0.005098995752632618
17,0,3,0.5062606334686279,0.6222515106201172,0.009237026795744896
17,0,4,0.5152832865715027,0.6206268072128296,0.014659160748124123
17,0,5,0.5172669291496277,0.6462569236755371,0.021702148020267487
17,0,6,0.5386680364608765,0.6316196918487549,0.03147299215197563
17,0,7,0.538521945476532,0.6190454363822937,0.03661876544356346
17,0,8,0.5351457595825195,0.610510528087616,0.03947547450661659
17,0,9,0.5170890092849731,0.6532632112503052,0.023388635367155075
17,0,10,0.5370628237724304,0.6367951035499573,0.03340722993016243
17,0,11,0.5345655083656311,0.6240285038948059,0.03433125838637352
17,0,12,0.5285623073577881,0.6161302924156189,0.03468107059597969
17,0,13,0.5143628716468811,0.6565702557563782,0.024148855358362198
17,0,14,0.5308315753936768,0.6396166086196899,0.03233068063855171
17,0,15,0.5252406001091003,0.6296988725662231,0.03177111595869064
17,0,16,0.5171548128128052,0.6245092153549194,0.031135356053709984
17,0,17,0.5097413063049316,0.6579990386962891,0.02422935515642166
17,0,18,0.5242420434951782,0.6416030526161194,0.030626585707068443
17,0,19,0.5206888318061829,0.6330493688583374,0.031908415257930756
17,0,20,0.5140073895454407,0.6283882260322571,0.03273337706923485
18,0,0,0.517709493637085,0.619752049446106,-3.1745789330628327e-10
18,0,1,0.5459035038948059,0.6120365858078003,-0.00045520669664256275
18,0,2,0.5642065405845642,0.5864985585212708,-0.004800882190465927
18,0,3,0.5737591981887817,0.5667064785957336,-0.011614371091127396
18,0,4,0.5811728239059448,0.5505669116973877,-0.017779702320694923
18,0,5,0.556905210018158,0.5413861274719238,0.0031253304332494736
18,0,6,0.5866408348083496,0.5508338212966919,-0.0006059558945707977
18,0,7,0.5792315006256104,0.5726580023765564,-0.00181199936196208
18,0,8,0.5646172165870667,0.5829647183418274,-0.004289552103728056
18,0,9,0.5434250831604004,0.5392661690711975,-0.005012609530240297
18,0,10,0.5786381959915161,0.5530679821968079,-0.013623236678540707
18,0,11,0.5708603262901306,0.5747696757316589,-0.01900048926472664
18,0,12,0.558978259563446,0.5840309262275696,-0.022395553067326546
18,0,13,0.5305604338645935,0.5436694622039795,-0.013235391117632389
18,0,14,0.5656070113182068,0.5583589673042297,-0.020982183516025543
18,0,15,0.5587586164474487,0.5781985521316528,-0.022002605721354485
18,0,16,0.5471075177192688,0.5853022933006287,-0.02247624099254608
18,0,17,0.5182181000709534,0.5523138046264648,-0.022155486047267914
18,0,18,0.5483746528625488,0.5624351501464844,-0.026572242379188538
18,0,19,0.5474273562431335,0.5776098370552063,-0.02586052194237709
18,0,20,0.5391055345535278,0.5839657783508301,-0.02539033256471157
19,0,0,0.5194003582000732,0.6124312281608582,-3.62707264223161e-09
19,0,1,0.5524008870124817,0.6085476279258728,-0.00469364644959569
19,0,2,0.5758107304573059,0.5853539109230042,-0.008264608681201935
19,0,3,0.5878006219863892,0.5635603666305542,-0.013961216434836388
19,0,4,0.5950542092323303,0.546605110168457,-0.0187558364123106
19,0,5,0.5673931837081909,0.5372827053070068,0.00974466186016798
19,0,6,0.5997859239578247,0.542684018611908,0.006625292357057333
19,0,7,0.591812789440155,0.5651259422302246,0.0047020744532346725
19,0,8,0.5768315196037292,0.577907919883728,0.0022508830297738314
19,0,9,0.5566366314888,0.5331862568855286,0.003913572523742914
19,0,10,0.5935094952583313,0.5429356098175049,-0.004250895697623491
19,0,11,0.5831220746040344,0.5663450360298157,-0.011378826573491096
19,0,12,0.569669783115387,0.5771645903587341,-0.015130930580198765
19,0,13,0.5451730489730835,0.5347481369972229,-0.0032865111716091633
19,0,14,0.5814427137374878,0.5440933704376221,-0.011827603913843632
19,0,15,0.5732446312904358,0.5659045577049255,-0.015952102839946747
19,0,16,0.5607903003692627,0.5756219029426575,-0.01745021715760231
19,0,17,0.5331010818481445,0.5400667786598206,-0.011608459055423737
19,0,18,0.5643847584724426,0.5459725856781006,-0.016164325177669525
19,0,19,0.5646681189537048,0.5616346597671509,-0.017524035647511482
19,0,20,0.5575099587440491,0.570009171962738,-0.017901062965393066
20,0,0,0.5318118333816528,0.6103755235671997,-2.0408339462818503e-09
20,0,1,0.566469132900238,0.6046897768974304,0.004247368313372135
20,0,2,0.5890248417854309,0.5804601311683655,0.004388056695461273
20,0,3,0.5988935232162476,0.5566350817680359,0.0002284048096043989
20,0,4,0.6041644811630249,0.5374189019203186,-0.0031226365827023983
20,0,5,0.5846688747406006,0.5395683646202087,0.020618263632059097
20,0,6,0.6134170293807983,0.5411887764930725,0.019350554794073105
20,0,7,0.603819727897644,0.5640528798103333,0.018168801441788673
20,0,8,0.5880470871925354,0.5763007998466492,0.016025638207793236
20,0,9,0.574436366558075,0.5333654880523682,0.010761002078652382
20,0,10,0.6067264676094055,0.5386143326759338,0.003322010859847069
20,0,11,0.5945625901222229,0.5629931688308716,-0.004712439142167568
20,0,12,0.5798033475875854,0.5749450325965881,-0.008852433413267136
20,0,13,0.5623290538787842,0.5317656993865967,7.304695463972166e-05
20,0,14,0.5951286554336548,0.5377431511878967,-0.006827373988926411
20,0,15,0.5852819085121155,0.5616173148155212,-0.011189359240233898
20,0,16,0.570936381816864,0.5733471512794495,-0.013162408024072647
20,0,17,0.5487693548202515,0.5331374406814575,-0.01112412754446268
20,0,18,0.5788303017616272,0.5375124216079712,-0.01335539948195219
20,0,19,0.5776551365852356,0.5551238059997559,-0.014212452806532383
20,0,20,0.5689815282821655,0.5648321509361267,-0.0148890670388937
21,0,0,0.5398850440979004,0.608910858631134,-2.0783262610901687e-10
21,0,1,0.574886679649353,0.6037993431091309,0.00803553406149149
21,0,2,0.594792902469635,0.580928385257721,0.010368045419454575
21,0,3,0.6036908626556396,0.5581510066986084,0.007524359039962292
21,0,4,0.6086202263832092,0.5397858619689941,0.005349575076252222
21,0,5,0.5909458994865417,0.540541410446167,0.02809082716703415
21,0,6,0.6207770705223083,0.5420016050338745,0.028655672445893288
21,0,7,0.6105380654335022,0.564182698726654,0.027756046503782272
21,0,8,0.5933430194854736,0.57581627368927,0.025588683784008026
21,0,9,0.5820564031600952,0.5342785716056824,0.016956813633441925
21,0,10,0.6156476736068726,0.5382004380226135,0.01097782701253891
21,0,11,0.6032972931861877,0.5615725517272949,0.0017076906515285373
21,0,12,0.5871652960777283,0.5736962556838989,-0.003389934077858925
21,0,13,0.5712815523147583,0.5319234728813171,0.005094519350677729
21,0,14,0.6055722236633301,0.5369330048561096,-0.0010165729327127337
21,0,15,0.5954737663269043,0.5603954195976257,-0.007201456930488348
21,0,16,0.5799963474273682,0.5715588927268982,-0.010501187294721603
21,0,17,0.5593370795249939,0.5319700837135315,-0.006923132576048374
21,0,18,0.5906227231025696,0.5356782674789429,-0.00905507244169712
21,0,19,0.5890716314315796,0.5535004734992981,-0.011001085862517357
21,0,20,0.5795647501945496,0.5630192756652832,-0.012695948593318462
22,0,0,0.5456750392913818,0.606819748878479,6.987049272488832e-10
22,0,1,0.580676257610321,0.6032572984695435,0.01127573475241661
22,0,2,0.5998857021331787,0.5828746557235718,0.016445953398942947
22,0,3,0.6096783876419067,0.5619679689407349,0.015918901190161705
22,0,4,0.6145355701446533,0.5457011461257935,0.01577543094754219
22,0,5,0.5974931716918945,0.5435063242912292,0.03420305997133255
22,0,6,0.6245236992835999,0.5407390594482422,0.036448631435632706
22,0,7,0.6163004636764526,0.5605301856994629,0.0360400564968586
22,0,8,0.6007097363471985,0.572396457195282,0.03436911851167679
22,0,9,0.5899048447608948,0.5370627045631409,0.022798217833042145
22,0,10,0.6206732988357544,0.5381728410720825,0.0190102718770504
22,0,11,0.6104558706283569,0.560465395450592,0.009595396928489208
22,0,12,0.5957374572753906,0.5726600289344788,0.004383913706988096
22,0,13,0.5801144242286682,0.5338382124900818,0.010585646145045757
22,0,14,0.6123421788215637,0.5365089178085327,0.005781768821179867
22,0,15,0.6041608452796936,0.5588812828063965,-0.0016704010777175426
22,0,16,0.5898504853248596,0.5704261660575867,-0.005809321533888578
22,0,17,0.5688385963439941,0.5323091149330139,-0.0014743555802851915
22,0,18,0.5987222790718079,0.5352073907852173,-0.0032219572458416224
22,0,19,0.5980043411254883,0.5525930523872375,-0.006086344365030527
22,0,20,0.5891419649124146,0.5628639459609985,-0.008377435617148876
23,0,0,0.5565134882926941,0.6057024598121643,9.615264140450108e-10
23,0,1,0.5902675986289978,0.601865828037262,0.013495327904820442
23,0,2,0.6082817912101746,0.5811777710914612,0.01923302188515663
23,0,3,0.617067813873291,0.5609267354011536,0.01885928027331829
23,0,4,0.622050404548645,0.54496169090271,0.018919046968221664
23,0,5,0.6033793687820435,0.541761577129364,0.03662389889359474
23,0,6,0.6316245198249817,0.5392090678215027,0.03960353136062622
23,0,7,0.6234415769577026,0.5591376423835754,0.03944888338446617
23,0,8,0.6074516773223877,0.5718188285827637,0.03781915083527565
23,0,9,0.5959324836730957,0.5351189374923706,0.024354849010705948
23,0,10,0.628023087978363,0.5365214347839355,0.021662363782525063
23,0,11,0.6177440881729126,0.5584841966629028,0.012016801163554192
23,0,12,0.6025726795196533,0.5710092782974243,0.006385699845850468
23,0,13,0.5868483781814575,0.5314591526985168,0.011557855643332005
23,0,14,0.6206377744674683,0.5344271063804626,0.008424249477684498
23,0,15,0.6118652820587158,0.5568832159042358,0.0010612966725602746
23,0,16,0.5969322323799133,0.5691685676574707,-0.0035244834143668413
23,0,17,0.576869785785675,0.5295369029045105,-0.0009202408255077899
23,0,18,0.6082307696342468,0.5334759950637817,-0.001335057313553989
23,0,19,0.6070360541343689,0.55085289478302,-0.0037767319008708
23,0,20,0.5975555181503296,0.5616095662117004,-0.006144140847027302
24,0,0,0.5616267919540405,0.604658842086792,1.0440018849422472e-09
24,0,1,0.5935980081558228,0.5992496013641357,0.01458760630339384
24,0,2,0.6094371676445007,0.5776302218437195,0.020585540682077408
24,0,3,0.6177719831466675,0.5572687983512878,0.020236993208527565
24,0,4,0.6233325004577637,0.5409127473831177,0.020271068438887596
24,0,5,0.6049209833145142,0.5378995537757874,0.038184184581041336
24,0,6,0.6333047151565552,0.536117434501648,0.0407743863761425
24,0,7,0.6267712712287903,0.5568565130233765,0.03995003178715706
24,0,8,0.6110305190086365,0.5708943009376526,0.03784332424402237
24,0,9,0.5977486371994019,0.5315268635749817,0.02515878900885582
24,0,10,0.630101203918457,0.5337747931480408,0.022062765434384346
24,0,11,0.621034562587738,0.5568022727966309,0.011666182428598404
24,0,12,0.6063792109489441,0.5700302720069885,0.005439125467091799
24,0,13,0.5888654589653015,0.5284811854362488,0.011544914916157722
24,0,14,0.622577428817749,0.5324768424034119,0.008053826168179512
24,0,15,0.6148672699928284,0.5554438233375549,0.00019376906857360154
24,0,16,0.6003131866455078,0.5680087804794312,-0.004816992208361626
24,0,17,0.578802227973938,0.52739018201828,-0.0016471464186906815
24,0,18,0.6100103855133057,0.5315619111061096,-0.0025866003707051277
24,0,19,0.6095033288002014,0.549529492855072,-0.005389102268964052
24,0,20,0.6004239916801453,0.5608143210411072,-0.007992597296833992
25,0,0,0.5594327449798584,0.6013108491897583,1.0547173134867194e-09
25,0,1,0.5932890176773071,0.5967953205108643,0.010729172267019749
25,0,2,0.6109205484390259,0.5737908482551575,0.014730763621628284
25,0,3,0.6165874004364014,0.5511139631271362,0.013052616268396378
25,0,4,0.6193583011627197,0.5331836938858032,0.011993362568318844
25,0,5,0.6075192093849182,0.5382383465766907,0.033304788172245026
25,0,6,0.6332839727401733,0.5342860817909241,0.034669410437345505
25,0,7,0.6257355809211731,0.5548554062843323,0.033619869500398636
25,0,8,0.6105865240097046,0.568253219127655,0.031505126506090164
25,0,9,0.5988525748252869,0.5311470031738281,0.021771254017949104
25,0,10,0.6283628940582275,0.5316999554634094,0.017631856724619865
25,0,11,0.6182219982147217,0.5549092292785645,0.007620768155902624
25,0,12,0.6041747331619263,0.5678698420524597,0.0018497036071494222
25,0,13,0.5886420607566833,0.52736496925354,0.009412170387804508
25,0,14,0.6205599904060364,0.5298007726669312,0.005220342427492142
25,0,15,0.6123648881912231,0.5527572631835938,-0.002344848122447729
25,0,16,0.5981645584106445,0.5654307007789612,-0.006942317355424166
25,0,17,0.5773714184761047,0.525455892086029,-0.002874509198591113
25,0,18,0.6077536344528198,0.529672384262085,-0.0034655360504984856
25,0,19,0.6070759892463684,0.5471110939979553,-0.0059895990416407585
25,0,20,0.5982716679573059,0.5576891303062439,-0.008411375805735588
26,0,0,0.5589920282363892,0.5986771583557129,1.8724497508060267e-09
26,0,1,0.5901814699172974,0.5934355854988098,0.012978782877326012
26,0,2,0.6062944531440735,0.5715059638023376,0.01720704324543476
26,0,3,0.6136541366577148,0.5503548979759216,0.015227940864861012
26,0,4,0.6193272471427917,0.5319491028785706,0.013890216127038002
26,0,5,0.6016455888748169,0.5361191034317017,0.035719942301511765
26,0,6,0.629190981388092,0.5308710336685181,0.03745551034808159
26,0,7,0.6232613325119019,0.5513170957565308,0.03656288981437683
26,0,8,0.608151912689209,0.5659430027008057,0.03444833308458328
26,0,9,0.5941261053085327,0.52973872423172,0.023063356056809425
26,0,10,0.6255550384521484,0.5288646221160889,0.01902618072926998
26,0,11,0.616741418838501,0.5518957376480103,0.008514128625392914
26,0,12,0.6024653911590576,0.5658291578292847,0.0024088220670819283
26,0,13,0.5846603512763977,0.5258386731147766,0.009775934740900993
26,0,14,0.6183151006698608,0.5278947353363037,0.00601541344076395
26,0,15,0.6103827953338623,0.5509344935417175,-0.0016470018308609724
26,0,16,0.5956761240959167,0.5641101598739624,-0.006470507010817528
26,0,17,0.5740038752555847,0.5236217975616455,-0.0032051843591034412
26,0,18,0.6058311462402344,0.5272133946418762,-0.0037726147565990686
26,0,19,0.6058949828147888,0.5450001955032349,-0.006255780812352896
26,0,20,0.5971294641494751,0.5564407110214233,-0.008726542815566063
27,0,0,0.5532852411270142,0.5965366959571838,1.2117344905249183e-09
27,0,1,0.5850287675857544,0.5924641489982605,0.007723984308540821
27,0,2,0.603786289691925,0.5702382922172546,0.009959964081645012
27,0,3,0.6122043132781982,0.5484461188316345,0.0071809678338468075
27,0,4,0.6167472004890442,0.5310080051422119,0.005028861109167337
27,0,5,0.5996962785720825,0.5324127078056335,0.02791627123951912
27,0,6,0.6267300844192505,0.5291873812675476,0.027862008661031723
27,0,7,0.6202832460403442,0.5499693751335144,0.0265142023563385
27,0,8,0.6055812239646912,0.563776433467865,0.024295296519994736
27,0,9,0.5912535786628723,0.5256151556968689,0.01738249510526657
27,0,10,0.6221101880073547,0.5268424153327942,0.012047830037772655
27,0,11,0.6130893230438232,0.5507000088691711,0.002556686755269766
27,0,12,0.5994053483009338,0.5639657974243164,-0.002816598629578948
27,0,13,0.5807154774665833,0.5223424434661865,0.00590928178280592
27,0,14,0.6137624979019165,0.5256484150886536,0.00045963225420564413
27,0,15,0.6058865189552307,0.5494642853736877,-0.006355960853397846
27,0,16,0.5917900204658508,0.562131941318512,-0.010317385196685791
27,0,17,0.5686981081962585,0.5214396119117737,-0.005721290595829487
27,0,18,0.5998549461364746,0.5263366103172302,-0.007566400803625584
27,0,19,0.599463164806366,0.5448276996612549,-0.009831800125539303
27,0,20,0.5906538367271423,0.55577552318573,-0.011810586787760258
28,0,0,0.5427588224411011,0.586661696434021,4.5746334498275587e-10
28,0,1,0.5680159330368042,0.5836633443832397,-0.0021982702892273664
28,0,2,0.5907161235809326,0.5593982934951782,-0.0072996607050299644
28,0,3,0.6025204658508301,0.537240207195282,-0.015644395723938942
28,0,4,0.6083406209945679,0.5174602270126343,-0.023070121183991432
28,0,5,0.5839025378227234,0.5158252716064453,0.01024992112070322
28,0,6,0.604295015335083,0.500527560710907,0.003992978483438492
28,0,7,0.6186860799789429,0.5167232751846313,0.0011708701495081186
28,0,8,0.6230188012123108,0.5343263149261475,-0.0011198699939996004
28,0,9,0.5702187418937683,0.5110024213790894,0.001958723645657301
28,0,10,0.6009701490402222,0.5109916925430298,-0.009068028070032597
28,0,11,0.5965226888656616,0.5372632741928101,-0.013853526674211025
28,0,12,0.5839061141014099,0.5505049228668213,-0.01403011754155159
28,0,13,0.5565087199211121,0.5116883516311646,-0.008488795720040798
28,0,14,0.5892645716667175,0.5181812047958374,-0.018887603655457497
28,0,15,0.5834721326828003,0.541804850101471,-0.02028745412826538
28,0,16,0.5704787969589233,0.5500420928001404,-0.018975209444761276
28,0,17,0.541384756565094,0.5162698030471802,-0.0201052725315094
28,0,18,0.5719468593597412,0.523579478263855,-0.025664348155260086
28,0,19,0.5727906823158264,0.5409303903579712,-0.02521441876888275
28,0,20,0.5640385150909424,0.5482948422431946,-0.023719504475593567
29,0,0,0.517610490322113,0.5850640535354614,3.2530362847893457e-09
29,0,1,0.5471780300140381,0.5799815654754639,-0.005367545410990715
29,0,2,0.5727823972702026,0.5559715628623962,-0.014780287630856037
29,0,3,0.5853044390678406,0.5341790914535522,-0.027295397594571114
29,0,4,0.5884865522384644,0.5159574747085571,-0.039787713438272476
29,0,5,0.5612216591835022,0.5110901594161987,0.0005263682105578482
29,0,6,0.5810517072677612,0.4913104474544525,-0.012493652291595936
29,0,7,0.5993712544441223,0.4854908585548401,-0.02405383624136448
29,0,8,0.6136393547058105,0.4820071756839752,-0.032414887100458145
29,0,9,0.5455441474914551,0.5064207911491394,-0.007719184271991253
29,0,10,0.575693666934967,0.5118021965026855,-0.02384750172495842
29,0,11,0.5699535012245178,0.53753662109375,-0.03146732226014137
29,0,12,0.5581303834915161,0.5481448173522949,-0.033884599804878235
29,0,13,0.5306397676467896,0.5077736973762512,-0.017983349040150642
29,0,14,0.5609461069107056,0.5143848657608032,-0.03258810564875603
29,0,15,0.5562525391578674,0.5372321605682373,-0.034447815269231796
29,0,16,0.5446393489837646,0.546263575553894,-0.033759936690330505
29,0,17,0.5154773592948914,0.5133932828903198,-0.029888726770877838
29,0,18,0.5429661273956299,0.5181237459182739,-0.03686358034610748
29,0,19,0.5454767346382141,0.5356926918029785,-0.035886265337467194
29,0,20,0.5385411381721497,0.5443201661109924,-0.03466569259762764
30,0,0,0.4961208999156952,0.5776690244674683,4.937381170577737e-09
30,0,1,0.5298512578010559,0.5680986642837524,-0.00494576059281826
30,0,2,0.5534465312957764,0.5415756702423096,-0.015769124031066895
30,0,3,0.5647765398025513,0.5206244587898254,-0.029995383694767952
30,0,4,0.5738702416419983,0.5055233836174011,-0.04462389275431633
30,0,5,0.530297040939331,0.497445672750473,-0.002846672898158431
30,0,6,0.5416381359100342,0.4702935814857483,-0.016714083030819893
30,0,7,0.5499626398086548,0.45529410243034363,-0.030260154977440834
30,0,8,0.5555474758148193,0.4393777549266815,-0.04091738909482956
30,0,9,0.5121785998344421,0.4957839548587799,-0.012186292558908463
30,0,10,0.5382106900215149,0.49892759323120117,-0.03100419230759144
30,0,11,0.5382975339889526,0.5266667604446411,-0.03974977880716324
30,0,12,0.5293570756912231,0.5389477610588074,-0.0427510105073452
30,0,13,0.4952383041381836,0.5004277229309082,-0.022966504096984863
30,0,14,0.5213298201560974,0.5043878555297852,-0.03944370895624161
30,0,15,0.5244515538215637,0.5274912714958191,-0.04132773354649544
30,0,16,0.5178303122520447,0.5383307337760925,-0.04060060903429985
30,0,17,0.4795646667480469,0.5093051195144653,-0.03528624027967453
30,0,18,0.5023131966590881,0.5102924108505249,-0.04373735189437866
30,0,19,0.5109812021255493,0.5271705389022827,-0.04294177144765854
30,0,20,0.5089779496192932,0.5359862446784973,-0.04169927164912224
31,0,0,0.4631064832210541,0.5759483575820923,2.413897748354543e-09
31,0,1,0.5026234984397888,0.5569139719009399,-0.0054811774753034115
31,0,2,0.5301379561424255,0.5252506732940674,-0.013911896385252476
31,0,3,0.5420844554901123,0.5003398656845093,-0.02391977794468403
31,0,4,0.5422563552856445,0.48699578642845154,-0.03298000246286392
31,0,5,0.49678438901901245,0.4833606779575348,-0.007891046814620495
31,0,6,0.5096758604049683,0.4786714017391205,-0.016870183870196342
31,0,7,0.511393666267395,0.5020326972007751,-0.022105732932686806
31,0,8,0.5040071606636047,0.5141006112098694,-0.026852257549762726
31,0,9,0.477486789226532,0.484322190284729,-0.015054916962981224
31,0,10,0.49620673060417175,0.4903666377067566,-0.026225175708532333
31,0,11,0.4983062744140625,0.5128386616706848,-0.031837884336709976
31,0,12,0.48999181389808655,0.5237853527069092,-0.03647800162434578
31,0,13,0.4583919942378998,0.4920122027397156,-0.022840989753603935
31,0,14,0.47899049520492554,0.4980996251106262,-0.032128579914569855
31,0,15,0.4813743531703949,0.5172476768493652,-0.03272862732410431
31,0,16,0.47476857900619507,0.524836003780365,-0.03376910462975502
31,0,17,0.44099414348602295,0.5031263828277588,-0.031943537294864655
31,0,18,0.4591187834739685,0.5055420994758606,-0.03588750958442688
31,0,19,0.46579864621162415,0.520754337310791,-0.0345132052898407
31,0,20,0.46272701025009155,0.5277006030082703,-0.03438851237297058
32,0,0,0.42108583450317383,0.5655435919761658,4.9924402389933675e-09
32,0,1,0.4522121548652649,0.549778401851654,-0.0023509073071181774
32,0,2,0.47435981035232544,0.5159023404121399,-0.011096486821770668
32,0,3,0.48459234833717346,0.4880405068397522,-0.023551467806100845
32,0,4,0.4938300549983978,0.4701131582260132,-0.03663313016295433
32,0,5,0.43976786732673645,0.478799968957901,0.0005426317220553756
32,0,6,0.4351362884044647,0.44692543148994446,-0.01108564157038927
32,0,7,0.4323842227458954,0.4264182150363922,-0.022725000977516174
32,0,8,0.42962586879730225,0.40808212757110596,-0.03226132690906525
32,0,9,0.4172881841659546,0.4815586507320404,-0.00956903025507927
32,0,10,0.4341123700141907,0.47755640745162964,-0.024161322042346
32,0,11,0.4421854615211487,0.5017537474632263,-0.030816610902547836
32,0,12,0.44090521335601807,0.514380931854248,-0.033139586448669434
32,0,13,0.3971876800060272,0.4920879304409027,-0.02102302759885788
32,0,14,0.41754597425460815,0.49115052819252014,-0.03426162526011467
32,0,15,0.4261772930622101,0.5107390880584717,-0.033801231533288956
32,0,16,0.4246525466442108,0.5209663510322571,-0.032124146819114685
32,0,17,0.37859517335891724,0.5055322647094727,-0.033852364867925644
32,0,18,0.3968135118484497,0.5032443404197693,-0.041005395352840424
32,0,19,0.4085492789745331,0.5175607800483704,-0.03862912580370903
32,0,20,0.4101344645023346,0.5253212451934814,-0.03627366945147514
33,0,0,0.35000959038734436,0.5572675466537476,4.209523396525583e-09
33,0,1,0.38020455837249756,0.5371530055999756,-0.00852170865982771
33,0,2,0.3937234878540039,0.49935364723205566,-0.020764531567692757
33,0,3,0.3982536792755127,0.4704497754573822,-0.03566822037100792
33,0,4,0.41000062227249146,0.45147261023521423,-0.05168572813272476
33,0,5,0.35052675008773804,0.4664648771286011,-0.009995823726058006
33,0,6,0.3358708322048187,0.43342500925064087,-0.024534674361348152
33,0,7,0.3256378471851349,0.4135623872280121,-0.038781389594078064
33,0,8,0.3163185715675354,0.39624491333961487,-0.050119537860155106
33,0,9,0.32676196098327637,0.4764958918094635,-0.01735188625752926
33,0,10,0.33097341656684875,0.4743833541870117,-0.036404721438884735
33,0,11,0.3470107316970825,0.500182032585144,-0.04571086913347244
33,0,12,0.3539080023765564,0.5141374468803406,-0.04908767715096474
33,0,13,0.30746138095855713,0.4928576946258545,-0.025829408317804337
33,0,14,0.31499481201171875,0.4917127788066864,-0.04287901893258095
33,0,15,0.3298943042755127,0.5105844140052795,-0.045135751366615295
33,0,16,0.3358071446418762,0.5211583375930786,-0.04465829208493233
33,0,17,0.29080331325531006,0.5113813877105713,-0.036033693701028824
33,0,18,0.29542362689971924,0.5068221688270569,-0.04551708698272705
33,0,19,0.310202419757843,0.5191413164138794,-0.045097604393959045
33,0,20,0.3172451853752136,0.5260415077209473,-0.04394317790865898
34,0,0,0.3304862976074219,0.5614532232284546,3.372868206952262e-09
34,0,1,0.3571169972419739,0.5350350141525269,-0.007343579083681107
34,0,2,0.36849772930145264,0.4947194457054138,-0.01763196848332882
34,0,3,0.3728938400745392,0.46468955278396606,-0.031659938395023346
34,0,4,0.3857255280017853,0.44555214047431946,-0.046790141612291336
34,0,5,0.3245408236980438,0.46853795647621155,-0.0012543436605483294
34,0,6,0.3053685426712036,0.43424326181411743,-0.014715115539729595
34,0,7,0.29236075282096863,0.4132293462753296,-0.029554516077041626
34,0,8,0.2817091643810272,0.39446696639060974,-0.04106876999139786
34,0,9,0.30299556255340576,0.48073676228523254,-0.008957809768617153
34,0,10,0.30229946970939636,0.474543035030365,-0.03016175888478756
34,0,11,0.3195227086544037,0.49961280822753906,-0.042010724544525146
34,0,12,0.33024102449417114,0.5167531967163086,-0.045244164764881134
34,0,13,0.2844245433807373,0.49693790078163147,-0.01810586452484131
34,0,14,0.28585103154182434,0.49170544743537903,-0.03684309124946594
34,0,15,0.3030540347099304,0.5117482542991638,-0.04074830189347267
34,0,16,0.3145616352558136,0.5256567001342773,-0.039490438997745514
34,0,17,0.2681092619895935,0.5157743096351624,-0.02907530777156353
34,0,18,0.2635834813117981,0.5052739977836609,-0.03872736543416977
34,0,19,0.2794356346130371,0.5154424905776978,-0.03893914073705673
34,0,20,0.29131945967674255,0.5229487419128418,-0.03734489902853966
35,0,0,0.3203669786453247,0.5628044009208679,3.5332770043083883e-09
35,0,1,0.3451313376426697,0.5350131392478943,-0.008696343749761581
35,0,2,0.3542080223560333,0.49527037143707275,-0.020108750090003014
35,0,3,0.3573113679885864,0.4662296175956726,-0.03532791510224342
35,0,4,0.3679797053337097,0.44639793038368225,-0.05199715867638588
35,0,5,0.30709975957870483,0.4679846167564392,-0.0019561355002224445
35,0,6,0.2883857190608978,0.4336082637310028,-0.015673281624913216
35,0,7,0.2738143503665924,0.4133252501487732,-0.032100580632686615
35,0,8,0.2619076371192932,0.3955612778663635,-0.04506894201040268
35,0,9,0.28646230697631836,0.4811074435710907,-0.009547403082251549
35,0,10,0.2875977158546448,0.4744773209095001,-0.03169109672307968
35,0,11,0.30625829100608826,0.49955207109451294,-0.04644136503338814
35,0,12,0.31960099935531616,0.5192065834999084,-0.051927726715803146
35,0,13,0.2685740292072296,0.49858275055885315,-0.018427228555083275
35,0,14,0.27049896121025085,0.49169477820396423,-0.03815462067723274
35,0,15,0.28945624828338623,0.5119277238845825,-0.04456360638141632
35,0,16,0.3036476671695709,0.5283215045928955,-0.04517187550663948
35,0,17,0.25303733348846436,0.5188350081443787,-0.029177596792578697
35,0,18,0.24707195162773132,0.5055228471755981,-0.03996984288096428
35,0,19,0.2630980610847473,0.514983594417572,-0.04144642874598503
35,0,20,0.27676185965538025,0.5240913033485413,-0.0408954918384552
36,0,0,0.3146374523639679,0.5661115050315857,3.6069072173461336e-09
36,0,1,0.3401571214199066,0.5378875136375427,-0.009960804134607315
36,0,2,0.34920334815979004,0.49635785818099976,-0.021592985838651657
36,0,3,0.35265088081359863,0.4653431177139282,-0.03676895052194595
36,0,4,0.3645657002925873,0.44440147280693054,-0.053430236876010895
36,0,5,0.30233240127563477,0.46867746114730835,-0.00408051535487175
36,0,6,0.2823331952095032,0.43351203203201294,-0.017440039664506912
36,0,7,0.26820695400238037,0.413484126329422,-0.033217113465070724
36,0,8,0.25670164823532104,0.39654994010925293,-0.045762136578559875
36,0,9,0.2810848653316498,0.481725811958313,-0.01102632749825716
36,0,10,0.2790890336036682,0.4763832986354828,-0.0304622333496809
36,0,11,0.29641979932785034,0.4998166859149933,-0.04400070756673813
36,0,12,0.3097679913043976,0.5175685286521912,-0.049867138266563416
36,0,13,0.2630241811275482,0.49995529651641846,-0.019468296319246292
36,0,14,0.26445621252059937,0.49631115794181824,-0.03730269894003868
36,0,15,0.28346556425094604,0.5158588886260986,-0.04377691447734833
36,0,16,0.2983732521533966,0.5306015014648438,-0.04534119740128517
36,0,17,0.24751751124858856,0.5204023122787476,-0.02999339997768402
36,0,18,0.2430037558078766,0.5102882385253906,-0.04032270237803459
36,0,19,0.2594011425971985,0.5200918316841125,-0.042207278311252594
36,0,20,0.2735820412635803,0.5283092856407166,-0.04235346242785454
37,0,0,0.3152337372303009,0.5682063698768616,4.23370094537745e-09
37,0,1,0.33939769864082336,0.5395017266273499,-0.00971202738583088
37,0,2,0.34803369641304016,0.4974670708179474,-0.021413302049040794
37,0,3,0.3524216115474701,0.46697890758514404,-0.03682320564985275
37,0,4,0.36627015471458435,0.4466645121574402,-0.05377361550927162
37,0,5,0.30139023065567017,0.46918511390686035,-0.0034990762360394
37,0,6,0.2825166881084442,0.4343828558921814,-0.017015280202031136
37,0,7,0.2679414451122284,0.4149334132671356,-0.033525675535202026
37,0,8,0.2559632658958435,0.3984777331352234,-0.04674120619893074
37,0,9,0.27942121028900146,0.48253872990608215,-0.010862575843930244
37,0,10,0.2813015878200531,0.4765763282775879,-0.03014582209289074
37,0,11,0.2985166609287262,0.5010915398597717,-0.04456924647092819
37,0,12,0.311019629240036,0.5198184847831726,-0.05139753222465515
37,0,13,0.2611210346221924,0.5010921955108643,-0.01970747485756874
37,0,14,0.26598748564720154,0.4970235824584961,-0.03658666834235191
37,0,15,0.28369954228401184,0.5165299773216248,-0.043803151696920395
37,0,16,0.29693880677223206,0.5314316153526306,-0.04653869569301605
37,0,17,0.2455366849899292,0.5218968391418457,-0.030706165358424187
37,0,18,0.24318678677082062,0.5121506452560425,-0.040372565388679504
37,0,19,0.2584787607192993,0.5219982862472534,-0.04278150200843811
37,0,20,0.2710704803466797,0.5302874445915222,-0.043767865747213364
38,0,0,0.32278308272361755,0.5724654793739319,4.388282626166529e-09
38,0,1,0.34819385409355164,0.5430217981338501,-0.006797008216381073
38,0,2,0.3564958870410919,0.501710057258606,-0.017770949751138687
38,0,3,0.35936450958251953,0.47221237421035767,-0.03326135501265526
38,0,4,0.3704257011413574,0.4514227509498596,-0.050095703452825546
38,0,5,0.3117419183254242,0.4723481237888336,0.0003663249663077295
38,0,6,0.2928752303123474,0.43705010414123535,-0.012125225737690926
38,0,7,0.2792191207408905,0.4182933568954468,-0.027801625430583954
38,0,8,0.2680259048938751,0.4031071066856384,-0.040395915508270264
38,0,9,0.2899939715862274,0.4851093292236328,-0.008454132825136185
38,0,10,0.2930622398853302,0.47986024618148804,-0.027244845405220985
38,0,11,0.31024783849716187,0.5040891170501709,-0.04143396019935608
38,0,12,0.32200103998184204,0.5232201814651489,-0.04783911630511284
38,0,13,0.2711655795574188,0.5030786395072937,-0.018555065616965294
38,0,14,0.2777438163757324,0.4997254014015198,-0.03482494130730629
38,0,15,0.29617640376091003,0.5201706290245056,-0.041460346430540085
38,0,16,0.3089478611946106,0.5359804630279541,-0.04368740692734718
38,0,17,0.2546641528606415,0.5232580900192261,-0.030589284375309944
38,0,18,0.25333359837532043,0.5124359130859375,-0.03927537426352501
38,0,19,0.2697071433067322,0.5230454206466675,-0.040719885379076004
38,0,20,0.2829186022281647,0.5328604578971863,-0.04101898893713951
39,0,0,0.326164186000824,0.5741769671440125,4.145284115963932e-09
39,0,1,0.3515700101852417,0.5445639491081238,-0.0074835363775491714
39,0,2,0.3611240088939667,0.50312739610672,-0.018523603677749634
39,0,3,0.36526259779930115,0.4737986922264099,-0.03380831331014633
39,0,4,0.37627261877059937,0.4540450870990753,-0.05080780014395714
39,0,5,0.3156602084636688,0.4736441969871521,-0.0017941206460818648
39,0,6,0.29878613352775574,0.439792662858963,-0.01540148351341486
39,0,7,0.28504857420921326,0.42084985971450806,-0.03269649296998978
39,0,8,0.27380773425102234,0.40484559535980225,-0.04658066853880882
39,0,9,0.2925044298171997,0.48565536737442017,-0.010465742088854313
39,0,10,0.29869842529296875,0.4826996922492981,-0.029591867700219154
39,0,11,0.31485360860824585,0.5069920420646667,-0.04512767121195793
39,0,12,0.325949490070343,0.5268064141273499,-0.0532676987349987
39,0,13,0.2733420729637146,0.5033797025680542,-0.02039412595331669
39,0,14,0.2836117744445801,0.5021573305130005,-0.03686310350894928
39,0,15,0.30117759108543396,0.5222951173782349,-0.04505779966711998
39,0,16,0.31359317898750305,0.538776695728302,-0.049074046313762665
39,0,17,0.2572118043899536,0.5236929059028625,-0.03233710303902626
39,0,18,0.2594020962715149,0.5158199667930603,-0.04183175414800644
39,0,19,0.2761283218860626,0.5262881517410278,-0.04462935030460358
39,0,20,0.2894783020019531,0.5361472964286804,-0.046254001557826996
40,0,0,0.3277183473110199,0.5771923065185547,4.429195232802385e-09
40,0,1,0.3538134694099426,0.5478810667991638,-0.006774442736059427
40,0,2,0.3644314706325531,0.5062514543533325,-0.017537921667099
40,0,3,0.36969512701034546,0.47618749737739563,-0.03256078436970711
40,0,4,0.3808749318122864,0.45586591958999634,-0.04921821877360344
40,0,5,0.31955599784851074,0.4775483310222626,-0.0007775495178066194
40,0,6,0.3024766743183136,0.44308289885520935,-0.013649570755660534
40,0,7,0.2891523540019989,0.42351335287094116,-0.030224716290831566
40,0,8,0.2781792879104614,0.4066736698150635,-0.04360676184296608
40,0,9,0.2971450686454773,0.4897807538509369,-0.009508437477052212
40,0,10,0.3011910319328308,0.48448291420936584,-0.02821706235408783
40,0,11,0.3183298707008362,0.5087764859199524,-0.042851340025663376
40,0,12,0.3302946388721466,0.528186023235321,-0.05001487210392952
40,0,13,0.27807706594467163,0.5074644088745117,-0.019410112872719765
40,0,14,0.28477856516838074,0.5035202503204346,-0.035286467522382736
40,0,15,0.3025779128074646,0.522986650466919,-0.04239637032151222
40,0,16,0.3153202533721924,0.5388396382331848,-0.045505017042160034
40,0,17,0.26188424229621887,0.5276581645011902,-0.03122318536043167
40,0,18,0.26150602102279663,0.5181679725646973,-0.03985925018787384
40,0,19,0.27779772877693176,0.5288960933685303,-0.04177037999033928
40,0,20,0.2906115651130676,0.538889467716217,-0.042698364704847336
41,0,0,0.3306692838668823,0.5799444913864136,4.364769434772597e-09
41,0,1,0.35607823729515076,0.5507083535194397,-0.007203941699117422
41,0,2,0.3667874038219452,0.5093780159950256,-0.017784222960472107
41,0,3,0.37200117111206055,0.47924739122390747,-0.03238328918814659
41,0,4,0.3824616074562073,0.4599197506904602,-0.04862544313073158
41,0,5,0.32101956009864807,0.4799928367137909,-0.0012180726043879986
41,0,6,0.3047163486480713,0.4453120827674866,-0.013925217092037201
41,0,7,0.2910631597042084,0.4259982109069824,-0.03019978292286396
41,0,8,0.2797417640686035,0.4095518887042999,-0.04336953163146973
41,0,9,0.29867854714393616,0.49259448051452637,-0.009663667529821396
41,0,10,0.3031242787837982,0.48631346225738525,-0.02829122357070446
41,0,11,0.32038334012031555,0.5111395120620728,-0.04260684549808502
41,0,12,0.33240213990211487,0.5314635038375854,-0.049526866525411606
41,0,13,0.28023460507392883,0.5105870366096497,-0.019291212782263756
41,0,14,0.28706857562065125,0.505178689956665,-0.03553768992424011
41,0,15,0.3052540421485901,0.5253295302391052,-0.04250951483845711
41,0,16,0.31817612051963806,0.5422070622444153,-0.04534466564655304
41,0,17,0.26475369930267334,0.5312120318412781,-0.03082302398979664
41,0,18,0.2648957669734955,0.5205697417259216,-0.039953745901584625
41,0,19,0.28159523010253906,0.5313266515731812,-0.041876669973134995
41,0,20,0.2944016456604004,0.541664183139801,-0.042655859142541885
42,0,0,0.3335702121257782,0.5808811783790588,4.2230663410691704e-09
42,0,1,0.3577258884906769,0.551289439201355,-0.006509586703032255
42,0,2,0.36689653992652893,0.5100574493408203,-0.016834888607263565
42,0,3,0.37167438864707947,0.4807106852531433,-0.0315014123916626
42,0,4,0.38346216082572937,0.4616377353668213,-0.04785015806555748
42,0,5,0.3211362957954407,0.47988808155059814,0.00012766670261044055
42,0,6,0.3049662113189697,0.44619131088256836,-0.012900752946734428
42,0,7,0.29161161184310913,0.42709633708000183,-0.029972754418849945
42,0,8,0.28058910369873047,0.41070517897605896,-0.04379396513104439
42,0,9,0.29828381538391113,0.4922167956829071,-0.00885970238596201
42,0,10,0.30580005049705505,0.48788982629776,-0.02744300290942192
42,0,11,0.32291901111602783,0.5139378905296326,-0.04250755533576012
42,0,12,0.3341867923736572,0.534871518611908,-0.05024051293730736
42,0,13,0.27954357862472534,0.5106450915336609,-0.01913212239742279
42,0,14,0.2900947630405426,0.5070473551750183,-0.03521517664194107
42,0,15,0.30819717049598694,0.5281336307525635,-0.04288201406598091
42,0,16,0.3205932676792145,0.5454533100128174,-0.046531882137060165
42,0,17,0.2639366090297699,0.5319769978523254,-0.03133466839790344
42,0,18,0.26724663376808167,0.5222867727279663,-0.040408167988061905
42,0,19,0.2844220697879791,0.5331678986549377,-0.042711999267339706
42,0,20,0.29736757278442383,0.543352484703064,-0.044010356068611145
43,0,0,0.3328828513622284,0.5852122902870178,4.450651402976291e-09
43,0,1,0.3574414551258087,0.5548744797706604,-0.0060359095223248005
43,0,2,0.36656415462493896,0.5122690796852112,-0.015915974974632263
43,0,3,0.37113261222839355,0.4819265305995941,-0.03018263168632984
43,0,4,0.3833463490009308,0.46272507309913635,-0.04624252766370773
43,0,5,0.3213226795196533,0.48443490266799927,0.0002594668185338378
43,0,6,0.3049268424510956,0.4508340060710907,-0.012536169961094856
43,0,7,0.2916332185268402,0.43200600147247314,-0.029399387538433075
43,0,8,0.2807580530643463,0.4162205755710602,-0.043077483773231506
43,0,9,0.2982896566390991,0.4965255558490753,-0.008879452012479305
43,0,10,0.3054666519165039,0.4917949140071869,-0.026689615100622177
43,0,11,0.3218918442726135,0.5170317888259888,-0.041697096079587936
43,0,12,0.3328869640827179,0.5378662347793579,-0.04975017160177231
43,0,13,0.279379665851593,0.514578104019165,-0.019249165430665016
43,0,14,0.29020705819129944,0.5112146735191345,-0.03446744754910469
43,0,15,0.30824780464172363,0.5319819450378418,-0.04254578799009323
43,0,16,0.3208804428577423,0.5495022535324097,-0.046841271221637726
43,0,17,0.2637830972671509,0.5353338718414307,-0.03155185282230377
43,0,18,0.26800206303596497,0.5268579125404358,-0.040121033787727356
43,0,19,0.28578096628189087,0.5379598736763,-0.04271063208580017
43,0,20,0.2992996871471405,0.5484155416488647,-0.04441402480006218
44,0,0,0.3331834375858307,0.5870705246925354,4.320356961073912e-09
44,0,1,0.3573942482471466,0.5568950176239014,-0.007202365435659885
44,0,2,0.36644595861434937,0.5151492357254028,-0.017942728474736214
44,0,3,0.3711457848548889,0.4851130247116089,-0.03283179923892021
44,0,4,0.38294142484664917,0.4656434655189514,-0.049420587718486786
44,0,5,0.3212159276008606,0.4868956208229065,-0.0014239849988371134
44,0,6,0.304790735244751,0.4540092647075653,-0.014852612279355526
44,0,7,0.2912735641002655,0.4355891942977905,-0.03193744271993637
44,0,8,0.28006279468536377,0.41979941725730896,-0.04573215916752815
44,0,9,0.29835376143455505,0.4993802309036255,-0.010247191414237022
44,0,10,0.30446910858154297,0.49527135491371155,-0.028692960739135742
44,0,11,0.3218969702720642,0.5196082592010498,-0.04370610788464546
44,0,12,0.33372652530670166,0.5389258861541748,-0.05173119530081749
44,0,13,0.2796354293823242,0.5177576541900635,-0.020390842109918594
44,0,14,0.2890470027923584,0.5146941542625427,-0.03634796664118767
44,0,15,0.3076912760734558,0.5345302224159241,-0.04425142705440521
44,0,16,0.3208306133747101,0.5508002638816833,-0.048325784504413605
44,0,17,0.2642001509666443,0.538804829120636,-0.032521236687898636
44,0,18,0.26732388138771057,0.5306035876274109,-0.04169243574142456
44,0,19,0.2852080762386322,0.5413615703582764,-0.04423370212316513
44,0,20,0.29882383346557617,0.5511925220489502,-0.04581574350595474
45,0,0,0.3340546488761902,0.5914434790611267,4.166611944356191e-09
45,0,1,0.3583921194076538,0.5611076354980469,-0.00660497322678566
45,0,2,0.36717483401298523,0.5189095735549927,-0.016937756910920143
45,0,3,0.37085822224617004,0.4886421263217926,-0.031433094292879105
45,0,4,0.3818345069885254,0.4686727821826935,-0.04761704057455063
45,0,5,0.3214174509048462,0.49029529094696045,-0.000772705883719027
45,0,6,0.3055645227432251,0.4587359130382538,-0.013840566389262676
45,0,7,0.2920699715614319,0.44091796875,-0.030745869502425194
45,0,8,0.2809760570526123,0.4259004294872284,-0.04439166560769081
45,0,9,0.2981258034706116,0.5024194717407227,-0.009638168849050999
45,0,10,0.3059397041797638,0.5015948414802551,-0.02735358476638794
45,0,11,0.32322385907173157,0.5263361930847168,-0.04212566465139389
45,0,12,0.33477723598480225,0.5458244681358337,-0.05022414028644562
45,0,13,0.2794913947582245,0.52083820104599,-0.01973031274974346
45,0,14,0.2912077307701111,0.5210487246513367,-0.03528066724538803
45,0,15,0.3096064627170563,0.5409980416297913,-0.04302734509110451
45,0,16,0.32237133383750916,0.5570916533470154,-0.047161947935819626
45,0,17,0.2644708454608917,0.5419715642929077,-0.03176303207874298
45,0,18,0.26942721009254456,0.5364567637443542,-0.04062753543257713
45,0,19,0.28692367672920227,0.5477713346481323,-0.04297924414277077
45,0,20,0.29985979199409485,0.5577768087387085,-0.044476352632045746
46,0,0,0.3387832045555115,0.5977381467819214,4.409125065052422e-09
46,0,1,0.36226025223731995,0.567427933216095,-0.006130367051810026
46,0,2,0.37032780051231384,0.5254241824150085,-0.01632051169872284
46,0,3,0.3730575144290924,0.49495840072631836,-0.03062141127884388
46,0,4,0.38350042700767517,0.4732712507247925,-0.04663695767521858
46,0,5,0.3248218595981598,0.49863401055336,-0.0009213208686560392
46,0,6,0.3078227937221527,0.46692532300949097,-0.013516084291040897
46,0,7,0.2943165898323059,0.44953352212905884,-0.02983267419040203
46,0,8,0.2834983766078949,0.4349849224090576,-0.043013982474803925
46,0,9,0.3022000193595886,0.5112709403038025,-0.0096543924883008
46,0,10,0.31021425127983093,0.5091694593429565,-0.027236444875597954
46,0,11,0.32800865173339844,0.5342424511909485,-0.041727904230356216
46,0,12,0.34030166268348694,0.5546746253967285,-0.04942693933844566
46,0,13,0.2839325964450836,0.5297689437866211,-0.019434655085206032
46,0,14,0.29478350281715393,0.5285127758979797,-0.03475722670555115
46,0,15,0.31366515159606934,0.5484819412231445,-0.04243026673793793
46,0,16,0.3276120722293854,0.5653565526008606,-0.046347349882125854
46,0,17,0.2689848244190216,0.551023006439209,-0.031014299020171165
46,0,18,0.27229073643684387,0.5446268320083618,-0.03993628919124603
46,0,19,0.2898748517036438,0.5552731156349182,-0.04238380491733551
46,0,20,0.3038715422153473,0.5650402307510376,-0.04382218047976494
47,0,0,0.3465006351470947,0.607400119304657,5.197839936244009e-09
47,0,1,0.36727771162986755,0.5779573917388916,-0.008833996020257473
47,0,2,0.3748186528682709,0.536905825138092,-0.020604439079761505
47,0,3,0.3771277368068695,0.5064679384231567,-0.035637374967336655
47,0,4,0.38622868061065674,0.4843005836009979,-0.05250319465994835
47,0,5,0.33080801367759705,0.5093285441398621,-0.007648682687431574
47,0,6,0.316008985042572,0.4808480143547058,-0.02206481248140335
47,0,7,0.3026394546031952,0.4626614451408386,-0.04025712609291077
47,0,8,0.29226934909820557,0.4460514783859253,-0.054861586540937424
47,0,9,0.3067851960659027,0.5210939049720764,-0.015111474320292473
47,0,10,0.32177338004112244,0.5243929624557495,-0.03386644273996353
47,0,11,0.34107908606529236,0.5485068559646606,-0.04914558306336403
47,0,12,0.35389041900634766,0.5676165223121643,-0.058221735060214996
47,0,13,0.28852197527885437,0.5402214527130127,-0.02339698001742363
47,0,14,0.30488312244415283,0.5437695384025574,-0.0400555245578289
47,0,15,0.3233036696910858,0.562218964099884,-0.048282191157341
47,0,16,0.3369907736778259,0.5783386826515198,-0.05318693071603775
47,0,17,0.27427050471305847,0.5624089241027832,-0.03359933942556381
47,0,18,0.28079307079315186,0.5587946176528931,-0.04405442252755165
47,0,19,0.29750198125839233,0.5674630999565125,-0.04720696061849594
47,0,20,0.3109726309776306,0.5764442086219788,-0.04943040758371353
48,0,0,0.3551977574825287,0.6376488208770752,7.1634982390378354e-09
48,0,1,0.37807440757751465,0.6129195094108582,-0.01115444302558899
48,0,2,0.3911375403404236,0.5780345797538757,-0.025777451694011688
48,0,3,0.395565003156662,0.5504662990570068,-0.04147119075059891
48,0,4,0.4014788866043091,0.5283092856407166,-0.05824901908636093
48,0,5,0.35380539298057556,0.5488819479942322,-0.024654800072312355
48,0,6,0.3476312458515167,0.5248016119003296,-0.0398736372590065
48,0,7,0.3407208025455475,0.5166733860969543,-0.05376404896378517
48,0,8,0.3384271264076233,0.5122436285018921,-0.06508060544729233
48,0,9,0.32791346311569214,0.559606671333313,-0.030654367059469223
48,0,10,0.3496095836162567,0.5750673413276672,-0.04659624397754669
48,0,11,0.3654387593269348,0.5972685813903809,-0.055656757205724716
48,0,12,0.3753393590450287,0.6124350428581238,-0.06321340054273605
48,0,13,0.3103671669960022,0.5805325508117676,-0.03673915937542915
48,0,14,0.33559709787368774,0.59969562292099,-0.05205168575048447
48,0,15,0.35068994760513306,0.6157500743865967,-0.0571027472615242
48,0,16,0.36016184091567993,0.6265382170677185,-0.061877671629190445
48,0,17,0.2974313795566559,0.6038551926612854,-0.04446280375123024
48,0,18,0.3165687024593353,0.6169143319129944,-0.05601716786623001
48,0,19,0.3332054615020752,0.6266508102416992,-0.0585712231695652
48,0,20,0.3436589539051056,0.6321832537651062,-0.060952432453632355
49,0,0,0.36049148440361023,0.6497332453727722,2.582482894197824e-09
49,0,1,0.3860986530780792,0.6314840316772461,-0.01564825139939785
49,0,2,0.4037221670150757,0.6054582595825195,-0.03423919156193733
49,0,3,0.4121454358100891,0.5852263569831848,-0.050379570573568344
49,0,4,0.4181467890739441,0.5682263374328613,-0.06626072525978088
49,0,5,0.3633229434490204,0.5784184336662292,-0.05158458277583122
49,0,6,0.3833325207233429,0.5897067189216614,-0.0674307644367218
49,0,7,0.3996821641921997,0.6180087327957153,-0.07220776379108429
49,0,8,0.4091082215309143,0.6356576085090637,-0.07646460086107254
49,0,9,0.3388337194919586,0.5953845381736755,-0.05549696832895279
49,0,10,0.3646605312824249,0.6154734492301941,-0.07448206096887589
49,0,11,0.3851372301578522,0.6406422853469849,-0.07556724548339844
49,0,12,0.39543551206588745,0.6559708118438721,-0.07861895859241486
49,0,13,0.3234437108039856,0.6185953617095947,-0.05767098441720009
49,0,14,0.3482179641723633,0.6400458812713623,-0.07409132272005081
49,0,15,0.3678555190563202,0.6577700972557068,-0.07102430611848831
49,0,16,0.37728431820869446,0.6659553050994873,-0.07048968970775604
49,0,17,0.3146860599517822,0.6418174505233765,-0.06091110780835152
49,0,18,0.3325729966163635,0.659724235534668,-0.07276681065559387
49,0,19,0.34884047508239746,0.6706611514091492,-0.07138973474502563
49,0,20,0.3562307357788086,0.6736392378807068,-0.07108616083860397
50,0,0,0.3669653832912445,0.6552165150642395,4.601490743993963e-09
50,0,1,0.39613327383995056,0.6490926742553711,-0.016817782074213028
50,0,2,0.4173670709133148,0.6400178074836731,-0.03259597718715668
50,0,3,0.4306064546108246,0.6330168843269348,-0.0452858991920948
50,0,4,0.44169554114341736,0.6282845139503479,-0.05838071554899216
50,0,5,0.3902326822280884,0.6270762085914612,-0.04652643948793411
50,0,6,0.407623827457428,0.6478124856948853,-0.061735231429338455
50,0,7,0.4261091947555542,0.6717408299446106,-0.06892022490501404
50,0,8,0.43813085556030273,0.6888587474822998,-0.07417749613523483
50,0,9,0.3664475679397583,0.6408939361572266,-0.046247947961091995
50,0,10,0.3820478618144989,0.6597710251808167,-0.06777338683605194
50,0,11,0.40666380524635315,0.6907332539558411,-0.07627815008163452
50,0,12,0.4224463999271393,0.715028703212738,-0.08321698009967804
50,0,13,0.3450149595737457,0.653740644454956,-0.044112399220466614
50,0,14,0.35349249839782715,0.6740126609802246,-0.063759945333004
50,0,15,0.380201131105423,0.7035531997680664,-0.07139192521572113
50,0,16,0.3996039628982544,0.7250401377677917,-0.07663916051387787
50,0,17,0.32826969027519226,0.6652843952178955,-0.042229585349559784
50,0,18,0.3277200758457184,0.6809380054473877,-0.0582180880010128
50,0,19,0.33654704689979553,0.6992536783218384,-0.06515362858772278
50,0,20,0.3422442376613617,0.7124374508857727,-0.07040782272815704
51,0,0,0.3373474180698395,0.7014533281326294,4.03656130743002e-09
51,0,1,0.3787275552749634,0.6909458637237549,0.010343991219997406
51,0,2,0.42558586597442627,0.6922779679298401,-7.397557055810466e-05
51,0,3,0.4573732912540436,0.6964532136917114,-0.012491467408835888
51,0,4,0.4759899079799652,0.6964625120162964,-0.024666158482432365
51,0,5,0.42441460490226746,0.6969248056411743,-0.03582204878330231
51,0,6,0.4559022784233093,0.7382231950759888,-0.04934275522828102
51,0,7,0.47331419587135315,0.7639515399932861,-0.050479426980018616
51,0,8,0.4847661256790161,0.7832314968109131,-0.049974262714385986
51,0,9,0.4029809832572937,0.7127518653869629,-0.048447124660015106
51,0,10,0.43850743770599365,0.764485776424408,-0.062200479209423065
51,0,11,0.44075483083724976,0.7705360054969788,-0.051662273705005646
51,0,12,0.4357362985610962,0.7665315270423889,-0.04318389669060707
51,0,13,0.3806672990322113,0.7308201789855957,-0.05751311406493187
51,0,14,0.41804832220077515,0.778035044670105,-0.0638551414012909
51,0,15,0.418161004781723,0.7805064916610718,-0.043394096195697784
51,0,16,0.41100603342056274,0.7736721634864807,-0.029258713126182556
51,0,17,0.35909557342529297,0.7483513951301575,-0.06644757837057114
51,0,18,0.391830176115036,0.7857000231742859,-0.06576047092676163
51,0,19,0.3944324254989624,0.7859477996826172,-0.05031541362404823
51,0,20,0.3902142643928528,0.7798011302947998,-0.039444975554943085
52,0,0,0.36081409454345703,0.7410115003585815,4.609569614899556e-09
52,0,1,0.4034080505371094,0.7351734042167664,0.009622798301279545
52,0,2,0.44909974932670593,0.7442950010299683,0.0019332565134391189
52,0,3,0.4800044894218445,0.760010838508606,-0.007421177811920643
52,0,4,0.4960672855377197,0.7735623717308044,-0.01697005331516266
52,0,5,0.4474872052669525,0.7578445672988892,-0.031778279691934586
52,0,6,0.4755512773990631,0.800938069820404,-0.04067862778902054
52,0,7,0.489825576543808,0.8276938796043396,-0.039190277457237244
52,0,8,0.49777573347091675,0.847237765789032,-0.03719659894704819
52,0,9,0.4260583221912384,0.7751988768577576,-0.042203500866889954
52,0,10,0.4577525854110718,0.8261793851852417,-0.050281088799238205
52,0,11,0.4653712809085846,0.8372646570205688,-0.039926543831825256
52,0,12,0.46335309743881226,0.8377984166145325,-0.03239605575799942
52,0,13,0.40310877561569214,0.7921033501625061,-0.0490584522485733
52,0,14,0.43719810247421265,0.8370807766914368,-0.05169575661420822
52,0,15,0.4425368010997772,0.8427705764770508,-0.03458093851804733
52,0,16,0.4379787743091583,0.8395788073539734,-0.02324107103049755
52,0,17,0.38007059693336487,0.8072304129600525,-0.05564465373754501
52,0,18,0.40917009115219116,0.84169602394104,-0.05285345017910004
52,0,19,0.41401800513267517,0.8416294455528259,-0.03923805058002472
52,0,20,0.41024157404899597,0.8360751867294312,-0.029897218570113182
52,1,0,0.3469972610473633,0.7367079854011536,-3.396835035474055e-09
52,1,1,0.3951125741004944,0.726563572883606,0.006811880972236395
52,1,2,0.44164764881134033,0.7355135083198547,0.000842808629386127
52,1,3,0.4753170311450958,0.7527101039886475,-0.006609631236642599
52,1,4,0.49945396184921265,0.7641000747680664,-0.013735036365687847
52,1,5,0.44385120272636414,0.754946768283844,-0.019528387114405632
52,1,6,0.47313135862350464,0.7930923700332642,-0.02470760978758335
52,1,7,0.49039560556411743,0.8201854228973389,-0.024215178564190865
52,1,8,0.5009104609489441,0.8417377471923828,-0.023725004866719246
52,1,9,0.42482370138168335,0.7721234560012817,-0.02692982368171215
52,1,10,0.4556210935115814,0.816157341003418,-0.030711788684129715
52,1,11,0.46224430203437805,0.8257797360420227,-0.023076651617884636
52,1,12,0.4612061381340027,0.826836109161377,-0.017825141549110413
52,1,13,0.4028366804122925,0.7868238687515259,-0.03188605606555939
52,1,14,0.43477579951286316,0.8262472748756409,-0.030798261985182762
52,1,15,0.4389173984527588,0.831501305103302,-0.01677412912249565
52,1,16,0.4354695975780487,0.8284428119659424,-0.00804154947400093
52,1,17,0.3801225423812866,0.7990771532058716,-0.036874592304229736
52,1,18,0.40556252002716064,0.8295486569404602,-0.031474318355321884
52,1,19,0.4107573330402374,0.8317227363586426,-0.019904807209968567
52,1,20,0.4106796681880951,0.8286905884742737,-0.012307160533964634
